,Trading-Pairs,Base-Asset,Quote-Asset
0,ETHBTC,ETH,BTC
1,LTCBTC,LTC,BTC
2,BNBBTC,BNB,BTC
3,NEOBTC,NEO,BTC
4,QTUMETH,QTUM,ETH
5,EOSETH,EOS,ETH
6,SNTETH,SNT,ETH
7,BNTETH,BNT,ETH
8,BCCBTC,BCC,BTC
9,GASBTC,GAS,BTC
10,BNBETH,BNB,ETH
11,BTCUSDT,BTC,USDT
12,ETHUSDT,ETH,USDT
13,HSRBTC,HSR,BTC
14,OAXETH,OAX,ETH
15,DNTETH,DNT,ETH
16,MCOETH,MCO,ETH
17,ICNETH,ICN,ETH
18,MCOBTC,MCO,BTC
19,WTCBTC,WTC,BTC
20,WTCETH,WTC,ETH
21,LRCBTC,LRC,BTC
22,LRCETH,LRC,ETH
23,QTUMBTC,QTUM,BTC
24,YOYOBTC,YOYO,BTC
25,OMGBTC,OMG,BTC
26,OMGETH,OMG,ETH
27,ZRXBTC,ZRX,BTC
28,ZRXETH,ZRX,ETH
29,STRATBTC,STRAT,BTC
30,STRATETH,STRAT,ETH
31,SNGLSBTC,SNGLS,BTC
32,SNGLSETH,SNGLS,ETH
33,BQXBTC,BQX,BTC
34,BQXETH,BQX,ETH
35,KNCBTC,KNC,BTC
36,KNCETH,KNC,ETH
37,FUNBTC,FUN,BTC
38,FUNETH,FUN,ETH
39,SNMBTC,SNM,BTC
40,SNMETH,SNM,ETH
41,NEOETH,NEO,ETH
42,IOTABTC,IOTA,BTC
43,IOTAETH,IOTA,ETH
44,LINKBTC,LINK,BTC
45,LINKETH,LINK,ETH
46,XVGBTC,XVG,BTC
47,XVGETH,XVG,ETH
48,SALTBTC,SALT,BTC
49,SALTETH,SALT,ETH
50,MDABTC,MDA,BTC
51,MDAETH,MDA,ETH
52,MTLBTC,MTL,BTC
53,MTLETH,MTL,ETH
54,SUBBTC,SUB,BTC
55,SUBETH,SUB,ETH
56,EOSBTC,EOS,BTC
57,SNTBTC,SNT,BTC
58,ETCETH,ETC,ETH
59,ETCBTC,ETC,BTC
60,MTHBTC,MTH,BTC
61,MTHETH,MTH,ETH
62,ENGBTC,ENG,BTC
63,ENGETH,ENG,ETH
64,DNTBTC,DNT,BTC
65,ZECBTC,ZEC,BTC
66,ZECETH,ZEC,ETH
67,BNTBTC,BNT,BTC
68,ASTBTC,AST,BTC
69,ASTETH,AST,ETH
70,DASHBTC,DASH,BTC
71,DASHETH,DASH,ETH
72,OAXBTC,OAX,BTC
73,ICNBTC,ICN,BTC
74,BTGBTC,BTG,BTC
75,BTGETH,BTG,ETH
76,EVXBTC,EVX,BTC
77,EVXETH,EVX,ETH
78,REQBTC,REQ,BTC
79,REQETH,REQ,ETH
80,VIBBTC,VIB,BTC
81,VIBETH,VIB,ETH
82,HSRETH,HSR,ETH
83,TRXBTC,TRX,BTC
84,TRXETH,TRX,ETH
85,POWRBTC,POWR,BTC
86,POWRETH,POWR,ETH
87,ARKBTC,ARK,BTC
88,ARKETH,ARK,ETH
89,YOYOETH,YOYO,ETH
90,XRPBTC,XRP,BTC
91,XRPETH,XRP,ETH
92,MODBTC,MOD,BTC
93,MODETH,MOD,ETH
94,ENJBTC,ENJ,BTC
95,ENJETH,ENJ,ETH
96,STORJBTC,STORJ,BTC
97,STORJETH,STORJ,ETH
98,BNBUSDT,BNB,USDT
99,VENBNB,VEN,BNB
100,YOYOBNB,YOYO,BNB
101,POWRBNB,POWR,BNB
102,VENBTC,VEN,BTC
103,VENETH,VEN,ETH
104,KMDBTC,KMD,BTC
105,KMDETH,KMD,ETH
106,NULSBNB,NULS,BNB
107,RCNBTC,RCN,BTC
108,RCNETH,RCN,ETH
109,RCNBNB,RCN,BNB
110,NULSBTC,NULS,BTC
111,NULSETH,NULS,ETH
112,RDNBTC,RDN,BTC
113,RDNETH,RDN,ETH
114,RDNBNB,RDN,BNB
115,XMRBTC,XMR,BTC
116,XMRETH,XMR,ETH
117,DLTBNB,DLT,BNB
118,WTCBNB,WTC,BNB
119,DLTBTC,DLT,BTC
120,DLTETH,DLT,ETH
121,AMBBTC,AMB,BTC
122,AMBETH,AMB,ETH
123,AMBBNB,AMB,BNB
124,BCCETH,BCC,ETH
125,BCCUSDT,BCC,USDT
126,BCCBNB,BCC,BNB
127,BATBTC,BAT,BTC
128,BATETH,BAT,ETH
129,BATBNB,BAT,BNB
130,BCPTBTC,BCPT,BTC
131,BCPTETH,BCPT,ETH
132,BCPTBNB,BCPT,BNB
133,ARNBTC,ARN,BTC
134,ARNETH,ARN,ETH
135,GVTBTC,GVT,BTC
136,GVTETH,GVT,ETH
137,CDTBTC,CDT,BTC
138,CDTETH,CDT,ETH
139,GXSBTC,GXS,BTC
140,GXSETH,GXS,ETH
141,NEOUSDT,NEO,USDT
142,NEOBNB,NEO,BNB
143,POEBTC,POE,BTC
144,POEETH,POE,ETH
145,QSPBTC,QSP,BTC
146,QSPETH,QSP,ETH
147,QSPBNB,QSP,BNB
148,BTSBTC,BTS,BTC
149,BTSETH,BTS,ETH
150,BTSBNB,BTS,BNB
151,XZCBTC,XZC,BTC
152,XZCETH,XZC,ETH
153,XZCBNB,XZC,BNB
154,LSKBTC,LSK,BTC
155,LSKETH,LSK,ETH
156,LSKBNB,LSK,BNB
157,TNTBTC,TNT,BTC
158,TNTETH,TNT,ETH
159,FUELBTC,FUEL,BTC
160,FUELETH,FUEL,ETH
161,MANABTC,MANA,BTC
162,MANAETH,MANA,ETH
163,BCDBTC,BCD,BTC
164,BCDETH,BCD,ETH
165,DGDBTC,DGD,BTC
166,DGDETH,DGD,ETH
167,IOTABNB,IOTA,BNB
168,ADXBTC,ADX,BTC
169,ADXETH,ADX,ETH
170,ADXBNB,ADX,BNB
171,ADABTC,ADA,BTC
172,ADAETH,ADA,ETH
173,PPTBTC,PPT,BTC
174,PPTETH,PPT,ETH
175,CMTBTC,CMT,BTC
176,CMTETH,CMT,ETH
177,CMTBNB,CMT,BNB
178,XLMBTC,XLM,BTC
179,XLMETH,XLM,ETH
180,XLMBNB,XLM,BNB
181,CNDBTC,CND,BTC
182,CNDETH,CND,ETH
183,CNDBNB,CND,BNB
184,LENDBTC,LEND,BTC
185,LENDETH,LEND,ETH
186,WABIBTC,WABI,BTC
187,WABIETH,WABI,ETH
188,WABIBNB,WABI,BNB
189,LTCETH,LTC,ETH
190,LTCUSDT,LTC,USDT
191,LTCBNB,LTC,BNB
192,TNBBTC,TNB,BTC
193,TNBETH,TNB,ETH
194,WAVESBTC,WAVES,BTC
195,WAVESETH,WAVES,ETH
196,WAVESBNB,WAVES,BNB
197,GTOBTC,GTO,BTC
198,GTOETH,GTO,ETH
199,GTOBNB,GTO,BNB
200,ICXBTC,ICX,BTC
201,ICXETH,ICX,ETH
202,ICXBNB,ICX,BNB
203,OSTBTC,OST,BTC
204,OSTETH,OST,ETH
205,OSTBNB,OST,BNB
206,ELFBTC,ELF,BTC
207,ELFETH,ELF,ETH
208,AIONBTC,AION,BTC
209,AIONETH,AION,ETH
210,AIONBNB,AION,BNB
211,NEBLBTC,NEBL,BTC
212,NEBLBNB,NEBL,BNB
213,BRDBTC,BRD,BTC
214,BRDETH,BRD,ETH
215,BRDBNB,BRD,BNB
216,MCOBNB,MCO,BNB
217,EDOBTC,EDO,BTC
218,EDOETH,EDO,ETH
219,WINGSBTC,WINGS,BTC
220,WINGSETH,WINGS,ETH
221,NAVBTC,NAV,BTC
222,NAVETH,NAV,ETH
223,NAVBNB,NAV,BNB
224,LUNBTC,LUN,BTC
225,LUNETH,LUN,ETH
226,TRIGBTC,TRIG,BTC
227,TRIGETH,TRIG,ETH
228,TRIGBNB,TRIG,BNB
229,APPCBTC,APPC,BTC
230,APPCETH,APPC,ETH
231,APPCBNB,APPC,BNB
232,VIBEBTC,VIBE,BTC
233,VIBEETH,VIBE,ETH
234,RLCBTC,RLC,BTC
235,RLCETH,RLC,ETH
236,RLCBNB,RLC,BNB
237,INSBTC,INS,BTC
238,INSETH,INS,ETH
239,PIVXBTC,PIVX,BTC
240,PIVXBNB,PIVX,BNB
241,IOSTBTC,IOST,BTC
242,IOSTETH,IOST,ETH
243,CHATBTC,CHAT,BTC
244,CHATETH,CHAT,ETH
245,STEEMBTC,STEEM,BTC
246,STEEMETH,STEEM,ETH
247,STEEMBNB,STEEM,BNB
248,NANOBTC,NANO,BTC
249,NANOETH,NANO,ETH
250,NANOBNB,NANO,BNB
251,VIABTC,VIA,BTC
252,VIAETH,VIA,ETH
253,VIABNB,VIA,BNB
254,BLZBTC,BLZ,BTC
255,BLZETH,BLZ,ETH
256,BLZBNB,BLZ,BNB
257,AEBTC,AE,BTC
258,AEETH,AE,ETH
259,AEBNB,AE,BNB
260,RPXBTC,RPX,BTC
261,RPXETH,RPX,ETH
262,RPXBNB,RPX,BNB
263,NCASHBTC,NCASH,BTC
264,NCASHETH,NCASH,ETH
265,NCASHBNB,NCASH,BNB
266,POABTC,POA,BTC
267,POAETH,POA,ETH
268,POABNB,POA,BNB
269,ZILBTC,ZIL,BTC
270,ZILETH,ZIL,ETH
271,ZILBNB,ZIL,BNB
272,ONTBTC,ONT,BTC
273,ONTETH,ONT,ETH
274,ONTBNB,ONT,BNB
275,STORMBTC,STORM,BTC
276,STORMETH,STORM,ETH
277,STORMBNB,STORM,BNB
278,QTUMBNB,QTUM,BNB
279,QTUMUSDT,QTUM,USDT
280,XEMBTC,XEM,BTC
281,XEMETH,XEM,ETH
282,XEMBNB,XEM,BNB
283,WANBTC,WAN,BTC
284,WANETH,WAN,ETH
285,WANBNB,WAN,BNB
286,WPRBTC,WPR,BTC
287,WPRETH,WPR,ETH
288,QLCBTC,QLC,BTC
289,QLCETH,QLC,ETH
290,SYSBTC,SYS,BTC
291,SYSETH,SYS,ETH
292,SYSBNB,SYS,BNB
293,QLCBNB,QLC,BNB
294,GRSBTC,GRS,BTC
295,GRSETH,GRS,ETH
296,ADAUSDT,ADA,USDT
297,ADABNB,ADA,BNB
298,CLOAKBTC,CLOAK,BTC
299,CLOAKETH,CLOAK,ETH
300,GNTBTC,GNT,BTC
301,GNTETH,GNT,ETH
302,GNTBNB,GNT,BNB
303,LOOMBTC,LOOM,BTC
304,LOOMETH,LOOM,ETH
305,LOOMBNB,LOOM,BNB
306,XRPUSDT,XRP,USDT
307,BCNBTC,BCN,BTC
308,BCNETH,BCN,ETH
309,BCNBNB,BCN,BNB
310,REPBTC,REP,BTC
311,REPBNB,REP,BNB
312,BTCTUSD,BTC,TUSD
313,TUSDBTC,TUSD,BTC
314,ETHTUSD,ETH,TUSD
315,TUSDETH,TUSD,ETH
316,TUSDBNB,TUSD,BNB
317,ZENBTC,ZEN,BTC
318,ZENETH,ZEN,ETH
319,ZENBNB,ZEN,BNB
320,SKYBTC,SKY,BTC
321,SKYETH,SKY,ETH
322,SKYBNB,SKY,BNB
323,EOSUSDT,EOS,USDT
324,EOSBNB,EOS,BNB
325,CVCBTC,CVC,BTC
326,CVCETH,CVC,ETH
327,CVCBNB,CVC,BNB
328,THETABTC,THETA,BTC
329,THETAETH,THETA,ETH
330,THETABNB,THETA,BNB
331,XRPBNB,XRP,BNB
332,TUSDUSDT,TUSD,USDT
333,IOTAUSDT,IOTA,USDT
334,XLMUSDT,XLM,USDT
335,IOTXBTC,IOTX,BTC
336,IOTXETH,IOTX,ETH
337,QKCBTC,QKC,BTC
338,QKCETH,QKC,ETH
339,AGIBTC,AGI,BTC
340,AGIETH,AGI,ETH
341,AGIBNB,AGI,BNB
342,NXSBTC,NXS,BTC
343,NXSETH,NXS,ETH
344,NXSBNB,NXS,BNB
345,ENJBNB,ENJ,BNB
346,DATABTC,DATA,BTC
347,DATAETH,DATA,ETH
348,ONTUSDT,ONT,USDT
349,TRXBNB,TRX,BNB
350,TRXUSDT,TRX,USDT
351,ETCUSDT,ETC,USDT
352,ETCBNB,ETC,BNB
353,ICXUSDT,ICX,USDT
354,SCBTC,SC,BTC
355,SCETH,SC,ETH
356,NPXSBTC,NPXS,BTC
357,NPXSETH,NPXS,ETH
358,VENUSDT,VEN,USDT
359,KEYBTC,KEY,BTC
360,KEYETH,KEY,ETH
361,NASBTC,NAS,BTC
362,NASETH,NAS,ETH
363,NASBNB,NAS,BNB
364,MFTBTC,MFT,BTC
365,MFTETH,MFT,ETH
366,MFTBNB,MFT,BNB
367,DENTBTC,DENT,BTC
368,DENTETH,DENT,ETH
369,ARDRBTC,ARDR,BTC
370,ARDRETH,ARDR,ETH
371,ARDRBNB,ARDR,BNB
372,NULSUSDT,NULS,USDT
373,HOTBTC,HOT,BTC
374,HOTETH,HOT,ETH
375,VETBTC,VET,BTC
376,VETETH,VET,ETH
377,VETUSDT,VET,USDT
378,VETBNB,VET,BNB
379,DOCKBTC,DOCK,BTC
380,DOCKETH,DOCK,ETH
381,POLYBTC,POLY,BTC
382,POLYBNB,POLY,BNB
383,PHXBTC,PHX,BTC
384,PHXETH,PHX,ETH
385,PHXBNB,PHX,BNB
386,HCBTC,HC,BTC
387,HCETH,HC,ETH
388,GOBTC,GO,BTC
389,GOBNB,GO,BNB
390,PAXBTC,PAX,BTC
391,PAXBNB,PAX,BNB
392,PAXUSDT,PAX,USDT
393,PAXETH,PAX,ETH
394,RVNBTC,RVN,BTC
395,DCRBTC,DCR,BTC
396,DCRBNB,DCR,BNB
397,USDCBNB,USDC,BNB
398,MITHBTC,MITH,BTC
399,MITHBNB,MITH,BNB
400,BCHABCBTC,BCHABC,BTC
401,BCHSVBTC,BCHSV,BTC
402,BCHABCUSDT,BCHABC,USDT
403,BCHSVUSDT,BCHSV,USDT
404,BNBPAX,BNB,PAX
405,BTCPAX,BTC,PAX
406,ETHPAX,ETH,PAX
407,XRPPAX,XRP,PAX
408,EOSPAX,EOS,PAX
409,XLMPAX,XLM,PAX
410,RENBTC,REN,BTC
411,RENBNB,REN,BNB
412,BNBTUSD,BNB,TUSD
413,XRPTUSD,XRP,TUSD
414,EOSTUSD,EOS,TUSD
415,XLMTUSD,XLM,TUSD
416,BNBUSDC,BNB,USDC
417,BTCUSDC,BTC,USDC
418,ETHUSDC,ETH,USDC
419,XRPUSDC,XRP,USDC
420,EOSUSDC,EOS,USDC
421,XLMUSDC,XLM,USDC
422,USDCUSDT,USDC,USDT
423,ADATUSD,ADA,TUSD
424,TRXTUSD,TRX,TUSD
425,NEOTUSD,NEO,TUSD
426,TRXXRP,TRX,XRP
427,XZCXRP,XZC,XRP
428,PAXTUSD,PAX,TUSD
429,USDCTUSD,USDC,TUSD
430,USDCPAX,USDC,PAX
431,LINKUSDT,LINK,USDT
432,LINKTUSD,LINK,TUSD
433,LINKPAX,LINK,PAX
434,LINKUSDC,LINK,USDC
435,WAVESUSDT,WAVES,USDT
436,WAVESTUSD,WAVES,TUSD
437,WAVESPAX,WAVES,PAX
438,WAVESUSDC,WAVES,USDC
439,BCHABCTUSD,BCHABC,TUSD
440,BCHABCPAX,BCHABC,PAX
441,BCHABCUSDC,BCHABC,USDC
442,BCHSVTUSD,BCHSV,TUSD
443,BCHSVPAX,BCHSV,PAX
444,BCHSVUSDC,BCHSV,USDC
445,LTCTUSD,LTC,TUSD
446,LTCPAX,LTC,PAX
447,LTCUSDC,LTC,USDC
448,TRXPAX,TRX,PAX
449,TRXUSDC,TRX,USDC
450,BTTBTC,BTT,BTC
451,BTTBNB,BTT,BNB
452,BTTUSDT,BTT,USDT
453,BNBUSDS,BNB,USDS
454,BTCUSDS,BTC,USDS
455,USDSUSDT,USDS,USDT
456,USDSPAX,USDS,PAX
457,USDSTUSD,USDS,TUSD
458,USDSUSDC,USDS,USDC
459,BTTPAX,BTT,PAX
460,BTTTUSD,BTT,TUSD
461,BTTUSDC,BTT,USDC
462,ONGBNB,ONG,BNB
463,ONGBTC,ONG,BTC
464,ONGUSDT,ONG,USDT
465,HOTBNB,HOT,BNB
466,HOTUSDT,HOT,USDT
467,ZILUSDT,ZIL,USDT
468,ZRXBNB,ZRX,BNB
469,ZRXUSDT,ZRX,USDT
470,FETBNB,FET,BNB
471,FETBTC,FET,BTC
472,FETUSDT,FET,USDT
473,BATUSDT,BAT,USDT
474,XMRBNB,XMR,BNB
475,XMRUSDT,XMR,USDT
476,ZECBNB,ZEC,BNB
477,ZECUSDT,ZEC,USDT
478,ZECPAX,ZEC,PAX
479,ZECTUSD,ZEC,TUSD
480,ZECUSDC,ZEC,USDC
481,IOSTUSDT,IOST,USDT
482,CELRBNB,CELR,BNB
483,CELRBTC,CELR,BTC
484,CELRUSDT,CELR,USDT
485,ADAPAX,ADA,PAX
486,ADAUSDC,ADA,USDC
487,NEOPAX,NEO,PAX
488,NEOUSDC,NEO,USDC
489,DASHBNB,DASH,BNB
490,DASHUSDT,DASH,USDT
491,NANOUSDT,NANO,USDT
492,OMGBNB,OMG,BNB
493,OMGUSDT,OMG,USDT
494,THETAUSDT,THETA,USDT
495,ENJUSDT,ENJ,USDT
496,MITHUSDT,MITH,USDT
497,MATICBNB,MATIC,BNB
498,MATICBTC,MATIC,BTC
499,MATICUSDT,MATIC,USDT
500,ATOMBNB,ATOM,BNB
501,ATOMBTC,ATOM,BTC
502,ATOMUSDT,ATOM,USDT
503,ATOMUSDC,ATOM,USDC
504,ATOMPAX,ATOM,PAX
505,ATOMTUSD,ATOM,TUSD
506,ETCUSDC,ETC,USDC
507,ETCPAX,ETC,PAX
508,ETCTUSD,ETC,TUSD
509,BATUSDC,BAT,USDC
510,BATPAX,BAT,PAX
511,BATTUSD,BAT,TUSD
512,PHBBNB,PHB,BNB
513,PHBBTC,PHB,BTC
514,PHBUSDC,PHB,USDC
515,PHBTUSD,PHB,TUSD
516,PHBPAX,PHB,PAX
517,TFUELBNB,TFUEL,BNB
518,TFUELBTC,TFUEL,BTC
519,TFUELUSDT,TFUEL,USDT
520,TFUELUSDC,TFUEL,USDC
521,TFUELTUSD,TFUEL,TUSD
522,TFUELPAX,TFUEL,PAX
523,ONEBNB,ONE,BNB
524,ONEBTC,ONE,BTC
525,ONEUSDT,ONE,USDT
526,ONETUSD,ONE,TUSD
527,ONEPAX,ONE,PAX
528,ONEUSDC,ONE,USDC
529,FTMBNB,FTM,BNB
530,FTMBTC,FTM,BTC
531,FTMUSDT,FTM,USDT
532,FTMTUSD,FTM,TUSD
533,FTMPAX,FTM,PAX
534,FTMUSDC,FTM,USDC
535,BTCBBTC,BTCB,BTC
536,BCPTTUSD,BCPT,TUSD
537,BCPTPAX,BCPT,PAX
538,BCPTUSDC,BCPT,USDC
539,ALGOBNB,ALGO,BNB
540,ALGOBTC,ALGO,BTC
541,ALGOUSDT,ALGO,USDT
542,ALGOTUSD,ALGO,TUSD
543,ALGOPAX,ALGO,PAX
544,ALGOUSDC,ALGO,USDC
545,USDSBUSDT,USDSB,USDT
546,USDSBUSDS,USDSB,USDS
547,GTOUSDT,GTO,USDT
548,GTOPAX,GTO,PAX
549,GTOTUSD,GTO,TUSD
550,GTOUSDC,GTO,USDC
551,ERDBNB,ERD,BNB
552,ERDBTC,ERD,BTC
553,ERDUSDT,ERD,USDT
554,ERDPAX,ERD,PAX
555,ERDUSDC,ERD,USDC
556,DOGEBNB,DOGE,BNB
557,DOGEBTC,DOGE,BTC
558,DOGEUSDT,DOGE,USDT
559,DOGEPAX,DOGE,PAX
560,DOGEUSDC,DOGE,USDC
561,DUSKBNB,DUSK,BNB
562,DUSKBTC,DUSK,BTC
563,DUSKUSDT,DUSK,USDT
564,DUSKUSDC,DUSK,USDC
565,DUSKPAX,DUSK,PAX
566,BGBPUSDC,BGBP,USDC
567,ANKRBNB,ANKR,BNB
568,ANKRBTC,ANKR,BTC
569,ANKRUSDT,ANKR,USDT
570,ANKRTUSD,ANKR,TUSD
571,ANKRPAX,ANKR,PAX
572,ANKRUSDC,ANKR,USDC
573,ONTPAX,ONT,PAX
574,ONTUSDC,ONT,USDC
575,WINBNB,WIN,BNB
576,WINBTC,WIN,BTC
577,WINUSDT,WIN,USDT
578,WINUSDC,WIN,USDC
579,COSBNB,COS,BNB
580,COSBTC,COS,BTC
581,COSUSDT,COS,USDT
582,TUSDBTUSD,TUSDB,TUSD
583,NPXSUSDT,NPXS,USDT
584,NPXSUSDC,NPXS,USDC
585,COCOSBNB,COCOS,BNB
586,COCOSBTC,COCOS,BTC
587,COCOSUSDT,COCOS,USDT
588,MTLUSDT,MTL,USDT
589,TOMOBNB,TOMO,BNB
590,TOMOBTC,TOMO,BTC
591,TOMOUSDT,TOMO,USDT
592,TOMOUSDC,TOMO,USDC
593,PERLBNB,PERL,BNB
594,PERLBTC,PERL,BTC
595,PERLUSDC,PERL,USDC
596,PERLUSDT,PERL,USDT
597,DENTUSDT,DENT,USDT
598,MFTUSDT,MFT,USDT
599,KEYUSDT,KEY,USDT
600,STORMUSDT,STORM,USDT
601,DOCKUSDT,DOCK,USDT
602,WANUSDT,WAN,USDT
603,FUNUSDT,FUN,USDT
604,CVCUSDT,CVC,USDT
605,BTTTRX,BTT,TRX
606,WINTRX,WIN,TRX
607,CHZBNB,CHZ,BNB
608,CHZBTC,CHZ,BTC
609,CHZUSDT,CHZ,USDT
610,BANDBNB,BAND,BNB
611,BANDBTC,BAND,BTC
612,BANDUSDT,BAND,USDT
613,BNBBUSD,BNB,BUSD
614,BTCBUSD,BTC,BUSD
615,BUSDUSDT,BUSD,USDT
616,BEAMBNB,BEAM,BNB
617,BEAMBTC,BEAM,BTC
618,BEAMUSDT,BEAM,USDT
619,XTZBNB,XTZ,BNB
620,XTZBTC,XTZ,BTC
621,XTZUSDT,XTZ,USDT
622,RENUSDT,REN,USDT
623,RVNUSDT,RVN,USDT
624,HCUSDT,HC,USDT
625,HBARBNB,HBAR,BNB
626,HBARBTC,HBAR,BTC
627,HBARUSDT,HBAR,USDT
628,NKNBNB,NKN,BNB
629,NKNBTC,NKN,BTC
630,NKNUSDT,NKN,USDT
631,XRPBUSD,XRP,BUSD
632,ETHBUSD,ETH,BUSD
633,BCHABCBUSD,BCHABC,BUSD
634,LTCBUSD,LTC,BUSD
635,LINKBUSD,LINK,BUSD
636,ETCBUSD,ETC,BUSD
637,STXBNB,STX,BNB
638,STXBTC,STX,BTC
639,STXUSDT,STX,USDT
640,KAVABNB,KAVA,BNB
641,KAVABTC,KAVA,BTC
642,KAVAUSDT,KAVA,USDT
643,BUSDNGN,BUSD,NGN
644,BNBNGN,BNB,NGN
645,BTCNGN,BTC,NGN
646,ARPABNB,ARPA,BNB
647,ARPABTC,ARPA,BTC
648,ARPAUSDT,ARPA,USDT
649,TRXBUSD,TRX,BUSD
650,EOSBUSD,EOS,BUSD
651,IOTXUSDT,IOTX,USDT
652,RLCUSDT,RLC,USDT
653,MCOUSDT,MCO,USDT
654,XLMBUSD,XLM,BUSD
655,ADABUSD,ADA,BUSD
656,CTXCBNB,CTXC,BNB
657,CTXCBTC,CTXC,BTC
658,CTXCUSDT,CTXC,USDT
659,BCHBNB,BCH,BNB
660,BCHBTC,BCH,BTC
661,BCHUSDT,BCH,USDT
662,BCHUSDC,BCH,USDC
663,BCHTUSD,BCH,TUSD
664,BCHPAX,BCH,PAX
665,BCHBUSD,BCH,BUSD
666,BTCRUB,BTC,RUB
667,ETHRUB,ETH,RUB
668,XRPRUB,XRP,RUB
669,BNBRUB,BNB,RUB
670,TROYBNB,TROY,BNB
671,TROYBTC,TROY,BTC
672,TROYUSDT,TROY,USDT
673,BUSDRUB,BUSD,RUB
674,QTUMBUSD,QTUM,BUSD
675,VETBUSD,VET,BUSD
676,VITEBNB,VITE,BNB
677,VITEBTC,VITE,BTC
678,VITEUSDT,VITE,USDT
679,FTTBNB,FTT,BNB
680,FTTBTC,FTT,BTC
681,FTTUSDT,FTT,USDT
682,BTCTRY,BTC,TRY
683,BNBTRY,BNB,TRY
684,BUSDTRY,BUSD,TRY
685,ETHTRY,ETH,TRY
686,XRPTRY,XRP,TRY
687,USDTTRY,USDT,TRY
688,USDTRUB,USDT,RUB
689,BTCEUR,BTC,EUR
690,ETHEUR,ETH,EUR
691,BNBEUR,BNB,EUR
692,XRPEUR,XRP,EUR
693,EURBUSD,EUR,BUSD
694,EURUSDT,EUR,USDT
695,OGNBNB,OGN,BNB
696,OGNBTC,OGN,BTC
697,OGNUSDT,OGN,USDT
698,DREPBNB,DREP,BNB
699,DREPBTC,DREP,BTC
700,DREPUSDT,DREP,USDT
701,BULLUSDT,BULL,USDT
702,BULLBUSD,BULL,BUSD
703,BEARUSDT,BEAR,USDT
704,BEARBUSD,BEAR,BUSD
705,ETHBULLUSDT,ETHBULL,USDT
706,ETHBULLBUSD,ETHBULL,BUSD
707,ETHBEARUSDT,ETHBEAR,USDT
708,ETHBEARBUSD,ETHBEAR,BUSD
709,TCTBNB,TCT,BNB
710,TCTBTC,TCT,BTC
711,TCTUSDT,TCT,USDT
712,WRXBNB,WRX,BNB
713,WRXBTC,WRX,BTC
714,WRXUSDT,WRX,USDT
715,ICXBUSD,ICX,BUSD
716,BTSUSDT,BTS,USDT
717,BTSBUSD,BTS,BUSD
718,LSKUSDT,LSK,USDT
719,BNTUSDT,BNT,USDT
720,BNTBUSD,BNT,BUSD
721,LTOBNB,LTO,BNB
722,LTOBTC,LTO,BTC
723,LTOUSDT,LTO,USDT
724,ATOMBUSD,ATOM,BUSD
725,DASHBUSD,DASH,BUSD
726,NEOBUSD,NEO,BUSD
727,WAVESBUSD,WAVES,BUSD
728,XTZBUSD,XTZ,BUSD
729,EOSBULLUSDT,EOSBULL,USDT
730,EOSBULLBUSD,EOSBULL,BUSD
731,EOSBEARUSDT,EOSBEAR,USDT
732,EOSBEARBUSD,EOSBEAR,BUSD
733,XRPBULLUSDT,XRPBULL,USDT
734,XRPBULLBUSD,XRPBULL,BUSD
735,XRPBEARUSDT,XRPBEAR,USDT
736,XRPBEARBUSD,XRPBEAR,BUSD
737,BATBUSD,BAT,BUSD
738,ENJBUSD,ENJ,BUSD
739,NANOBUSD,NANO,BUSD
740,ONTBUSD,ONT,BUSD
741,RVNBUSD,RVN,BUSD
742,STRATBUSD,STRAT,BUSD
743,STRATBNB,STRAT,BNB
744,STRATUSDT,STRAT,USDT
745,AIONBUSD,AION,BUSD
746,AIONUSDT,AION,USDT
747,MBLBNB,MBL,BNB
748,MBLBTC,MBL,BTC
749,MBLUSDT,MBL,USDT
750,COTIBNB,COTI,BNB
751,COTIBTC,COTI,BTC
752,COTIUSDT,COTI,USDT
753,ALGOBUSD,ALGO,BUSD
754,BTTBUSD,BTT,BUSD
755,TOMOBUSD,TOMO,BUSD
756,XMRBUSD,XMR,BUSD
757,ZECBUSD,ZEC,BUSD
758,BNBBULLUSDT,BNBBULL,USDT
759,BNBBULLBUSD,BNBBULL,BUSD
760,BNBBEARUSDT,BNBBEAR,USDT
761,BNBBEARBUSD,BNBBEAR,BUSD
762,STPTBNB,STPT,BNB
763,STPTBTC,STPT,BTC
764,STPTUSDT,STPT,USDT
765,BTCZAR,BTC,ZAR
766,ETHZAR,ETH,ZAR
767,BNBZAR,BNB,ZAR
768,USDTZAR,USDT,ZAR
769,BUSDZAR,BUSD,ZAR
770,BTCBKRW,BTC,BKRW
771,ETHBKRW,ETH,BKRW
772,BNBBKRW,BNB,BKRW
773,WTCUSDT,WTC,USDT
774,DATABUSD,DATA,BUSD
775,DATAUSDT,DATA,USDT
776,XZCUSDT,XZC,USDT
777,SOLBNB,SOL,BNB
778,SOLBTC,SOL,BTC
779,SOLUSDT,SOL,USDT
780,SOLBUSD,SOL,BUSD
781,BTCIDRT,BTC,IDRT
782,BNBIDRT,BNB,IDRT
783,USDTIDRT,USDT,IDRT
784,BUSDIDRT,BUSD,IDRT
785,CTSIBTC,CTSI,BTC
786,CTSIUSDT,CTSI,USDT
787,CTSIBNB,CTSI,BNB
788,CTSIBUSD,CTSI,BUSD
789,HIVEBNB,HIVE,BNB
790,HIVEBTC,HIVE,BTC
791,HIVEUSDT,HIVE,USDT
792,CHRBNB,CHR,BNB
793,CHRBTC,CHR,BTC
794,CHRUSDT,CHR,USDT
795,BTCUPUSDT,BTCUP,USDT
796,BTCDOWNUSDT,BTCDOWN,USDT
797,GXSUSDT,GXS,USDT
798,ARDRUSDT,ARDR,USDT
799,ERDBUSD,ERD,BUSD
800,LENDUSDT,LEND,USDT
801,HBARBUSD,HBAR,BUSD
802,MATICBUSD,MATIC,BUSD
803,WRXBUSD,WRX,BUSD
804,ZILBUSD,ZIL,BUSD
805,MDTBNB,MDT,BNB
806,MDTBTC,MDT,BTC
807,MDTUSDT,MDT,USDT
808,STMXBTC,STMX,BTC
809,STMXETH,STMX,ETH
810,STMXUSDT,STMX,USDT
811,KNCBUSD,KNC,BUSD
812,KNCUSDT,KNC,USDT
813,REPBUSD,REP,BUSD
814,REPUSDT,REP,USDT
815,LRCBUSD,LRC,BUSD
816,LRCUSDT,LRC,USDT
817,IQBNB,IQ,BNB
818,IQBUSD,IQ,BUSD
819,PNTBTC,PNT,BTC
820,PNTUSDT,PNT,USDT
821,BTCGBP,BTC,GBP
822,ETHGBP,ETH,GBP
823,XRPGBP,XRP,GBP
824,BNBGBP,BNB,GBP
825,GBPBUSD,GBP,BUSD
826,DGBBTC,DGB,BTC
827,DGBBUSD,DGB,BUSD
828,BTCUAH,BTC,UAH
829,USDTUAH,USDT,UAH
830,COMPBTC,COMP,BTC
831,COMPBNB,COMP,BNB
832,COMPBUSD,COMP,BUSD
833,COMPUSDT,COMP,USDT
834,BTCBIDR,BTC,BIDR
835,ETHBIDR,ETH,BIDR
836,BNBBIDR,BNB,BIDR
837,BUSDBIDR,BUSD,BIDR
838,USDTBIDR,USDT,BIDR
839,BKRWUSDT,BKRW,USDT
840,BKRWBUSD,BKRW,BUSD
841,SCUSDT,SC,USDT
842,ZENUSDT,ZEN,USDT
843,SXPBTC,SXP,BTC
844,SXPBNB,SXP,BNB
845,SXPBUSD,SXP,BUSD
846,SNXBTC,SNX,BTC
847,SNXBNB,SNX,BNB
848,SNXBUSD,SNX,BUSD
849,SNXUSDT,SNX,USDT
850,ETHUPUSDT,ETHUP,USDT
851,ETHDOWNUSDT,ETHDOWN,USDT
852,ADAUPUSDT,ADAUP,USDT
853,ADADOWNUSDT,ADADOWN,USDT
854,LINKUPUSDT,LINKUP,USDT
855,LINKDOWNUSDT,LINKDOWN,USDT
856,VTHOBNB,VTHO,BNB
857,VTHOBUSD,VTHO,BUSD
858,VTHOUSDT,VTHO,USDT
859,DCRBUSD,DCR,BUSD
860,DGBUSDT,DGB,USDT
861,GBPUSDT,GBP,USDT
862,STORJBUSD,STORJ,BUSD
863,SXPUSDT,SXP,USDT
864,IRISBNB,IRIS,BNB
865,IRISBTC,IRIS,BTC
866,IRISBUSD,IRIS,BUSD
867,MKRBNB,MKR,BNB
868,MKRBTC,MKR,BTC
869,MKRUSDT,MKR,USDT
870,MKRBUSD,MKR,BUSD
871,DAIBNB,DAI,BNB
872,DAIBTC,DAI,BTC
873,DAIUSDT,DAI,USDT
874,DAIBUSD,DAI,BUSD
875,RUNEBNB,RUNE,BNB
876,RUNEBTC,RUNE,BTC
877,RUNEBUSD,RUNE,BUSD
878,MANABUSD,MANA,BUSD
879,DOGEBUSD,DOGE,BUSD
880,LENDBUSD,LEND,BUSD
881,ZRXBUSD,ZRX,BUSD
882,DCRUSDT,DCR,USDT
883,STORJUSDT,STORJ,USDT
884,XRPBKRW,XRP,BKRW
885,ADABKRW,ADA,BKRW
886,BTCAUD,BTC,AUD
887,ETHAUD,ETH,AUD
888,AUDBUSD,AUD,BUSD
889,FIOBNB,FIO,BNB
890,FIOBTC,FIO,BTC
891,FIOBUSD,FIO,BUSD
892,BNBUPUSDT,BNBUP,USDT
893,BNBDOWNUSDT,BNBDOWN,USDT
894,XTZUPUSDT,XTZUP,USDT
895,XTZDOWNUSDT,XTZDOWN,USDT
896,AVABNB,AVA,BNB
897,AVABTC,AVA,BTC
898,AVABUSD,AVA,BUSD
899,USDTBKRW,USDT,BKRW
900,BUSDBKRW,BUSD,BKRW
901,IOTABUSD,IOTA,BUSD
902,MANAUSDT,MANA,USDT
903,XRPAUD,XRP,AUD
904,BNBAUD,BNB,AUD
905,AUDUSDT,AUD,USDT
906,BALBNB,BAL,BNB
907,BALBTC,BAL,BTC
908,BALBUSD,BAL,BUSD
909,YFIBNB,YFI,BNB
910,YFIBTC,YFI,BTC
911,YFIBUSD,YFI,BUSD
912,YFIUSDT,YFI,USDT
913,BLZBUSD,BLZ,BUSD
914,KMDBUSD,KMD,BUSD
915,BALUSDT,BAL,USDT
916,BLZUSDT,BLZ,USDT
917,IRISUSDT,IRIS,USDT
918,KMDUSDT,KMD,USDT
919,BTCDAI,BTC,DAI
920,ETHDAI,ETH,DAI
921,BNBDAI,BNB,DAI
922,USDTDAI,USDT,DAI
923,BUSDDAI,BUSD,DAI
924,JSTBNB,JST,BNB
925,JSTBTC,JST,BTC
926,JSTBUSD,JST,BUSD
927,JSTUSDT,JST,USDT
928,SRMBNB,SRM,BNB
929,SRMBTC,SRM,BTC
930,SRMBUSD,SRM,BUSD
931,SRMUSDT,SRM,USDT
932,ANTBNB,ANT,BNB
933,ANTBTC,ANT,BTC
934,ANTBUSD,ANT,BUSD
935,ANTUSDT,ANT,USDT
936,CRVBNB,CRV,BNB
937,CRVBTC,CRV,BTC
938,CRVBUSD,CRV,BUSD
939,CRVUSDT,CRV,USDT
940,SANDBNB,SAND,BNB
941,SANDBTC,SAND,BTC
942,SANDUSDT,SAND,USDT
943,SANDBUSD,SAND,BUSD
944,OCEANBNB,OCEAN,BNB
945,OCEANBTC,OCEAN,BTC
946,OCEANBUSD,OCEAN,BUSD
947,OCEANUSDT,OCEAN,USDT
948,NMRBTC,NMR,BTC
949,NMRBUSD,NMR,BUSD
950,NMRUSDT,NMR,USDT
951,DOTBNB,DOT,BNB
952,DOTBTC,DOT,BTC
953,DOTBUSD,DOT,BUSD
954,DOTUSDT,DOT,USDT
955,LUNABNB,LUNA,BNB
956,LUNABTC,LUNA,BTC
957,LUNABUSD,LUNA,BUSD
958,LUNAUSDT,LUNA,USDT
959,IDEXBTC,IDEX,BTC
960,IDEXBUSD,IDEX,BUSD
961,RSRBNB,RSR,BNB
962,RSRBTC,RSR,BTC
963,RSRBUSD,RSR,BUSD
964,RSRUSDT,RSR,USDT
965,PAXGBNB,PAXG,BNB
966,PAXGBTC,PAXG,BTC
967,PAXGBUSD,PAXG,BUSD
968,PAXGUSDT,PAXG,USDT
969,WNXMBNB,WNXM,BNB
970,WNXMBTC,WNXM,BTC
971,WNXMBUSD,WNXM,BUSD
972,WNXMUSDT,WNXM,USDT
973,TRBBNB,TRB,BNB
974,TRBBTC,TRB,BTC
975,TRBBUSD,TRB,BUSD
976,TRBUSDT,TRB,USDT
977,ETHNGN,ETH,NGN
978,DOTBIDR,DOT,BIDR
979,LINKAUD,LINK,AUD
980,SXPAUD,SXP,AUD
981,BZRXBNB,BZRX,BNB
982,BZRXBTC,BZRX,BTC
983,BZRXBUSD,BZRX,BUSD
984,BZRXUSDT,BZRX,USDT
985,WBTCBTC,WBTC,BTC
986,WBTCETH,WBTC,ETH
987,SUSHIBNB,SUSHI,BNB
988,SUSHIBTC,SUSHI,BTC
989,SUSHIBUSD,SUSHI,BUSD
990,SUSHIUSDT,SUSHI,USDT
991,YFIIBNB,YFII,BNB
992,YFIIBTC,YFII,BTC
993,YFIIBUSD,YFII,BUSD
994,YFIIUSDT,YFII,USDT
995,KSMBNB,KSM,BNB
996,KSMBTC,KSM,BTC
997,KSMBUSD,KSM,BUSD
998,KSMUSDT,KSM,USDT
999,EGLDBNB,EGLD,BNB
1000,EGLDBTC,EGLD,BTC
1001,EGLDBUSD,EGLD,BUSD
1002,EGLDUSDT,EGLD,USDT
1003,DIABNB,DIA,BNB
1004,DIABTC,DIA,BTC
1005,DIABUSD,DIA,BUSD
1006,DIAUSDT,DIA,USDT
1007,RUNEUSDT,RUNE,USDT
1008,FIOUSDT,FIO,USDT
1009,UMABTC,UMA,BTC
1010,UMAUSDT,UMA,USDT
1011,EOSUPUSDT,EOSUP,USDT
1012,EOSDOWNUSDT,EOSDOWN,USDT
1013,TRXUPUSDT,TRXUP,USDT
1014,TRXDOWNUSDT,TRXDOWN,USDT
1015,XRPUPUSDT,XRPUP,USDT
1016,XRPDOWNUSDT,XRPDOWN,USDT
1017,DOTUPUSDT,DOTUP,USDT
1018,DOTDOWNUSDT,DOTDOWN,USDT
1019,SRMBIDR,SRM,BIDR
1020,ONEBIDR,ONE,BIDR
1021,LINKTRY,LINK,TRY
1022,USDTNGN,USDT,NGN
1023,BELBNB,BEL,BNB
1024,BELBTC,BEL,BTC
1025,BELBUSD,BEL,BUSD
1026,BELUSDT,BEL,USDT
1027,WINGBNB,WING,BNB
1028,WINGBTC,WING,BTC
1029,SWRVBNB,SWRV,BNB
1030,SWRVBUSD,SWRV,BUSD
1031,WINGBUSD,WING,BUSD
1032,WINGUSDT,WING,USDT
1033,LTCUPUSDT,LTCUP,USDT
1034,LTCDOWNUSDT,LTCDOWN,USDT
1035,LENDBKRW,LEND,BKRW
1036,SXPEUR,SXP,EUR
1037,CREAMBNB,CREAM,BNB
1038,CREAMBUSD,CREAM,BUSD
1039,UNIBNB,UNI,BNB
1040,UNIBTC,UNI,BTC
1041,UNIBUSD,UNI,BUSD
1042,UNIUSDT,UNI,USDT
1043,NBSBTC,NBS,BTC
1044,NBSUSDT,NBS,USDT
1045,OXTBTC,OXT,BTC
1046,OXTUSDT,OXT,USDT
1047,SUNBTC,SUN,BTC
1048,SUNUSDT,SUN,USDT
1049,AVAXBNB,AVAX,BNB
1050,AVAXBTC,AVAX,BTC
1051,AVAXBUSD,AVAX,BUSD
1052,AVAXUSDT,AVAX,USDT
1053,HNTBTC,HNT,BTC
1054,HNTUSDT,HNT,USDT
1055,BAKEBNB,BAKE,BNB
1056,BURGERBNB,BURGER,BNB
1057,SXPBIDR,SXP,BIDR
1058,LINKBKRW,LINK,BKRW
1059,FLMBNB,FLM,BNB
1060,FLMBTC,FLM,BTC
1061,FLMBUSD,FLM,BUSD
1062,FLMUSDT,FLM,USDT
1063,SCRTBTC,SCRT,BTC
1064,SCRTETH,SCRT,ETH
1065,CAKEBNB,CAKE,BNB
1066,CAKEBUSD,CAKE,BUSD
1067,SPARTABNB,SPARTA,BNB
1068,UNIUPUSDT,UNIUP,USDT
1069,UNIDOWNUSDT,UNIDOWN,USDT
1070,ORNBTC,ORN,BTC
1071,ORNUSDT,ORN,USDT
1072,TRXNGN,TRX,NGN
1073,SXPTRY,SXP,TRY
1074,UTKBTC,UTK,BTC
1075,UTKUSDT,UTK,USDT
1076,XVSBNB,XVS,BNB
1077,XVSBTC,XVS,BTC
1078,XVSBUSD,XVS,BUSD
1079,XVSUSDT,XVS,USDT
1080,ALPHABNB,ALPHA,BNB
1081,ALPHABTC,ALPHA,BTC
1082,ALPHABUSD,ALPHA,BUSD
1083,ALPHAUSDT,ALPHA,USDT
1084,VIDTBTC,VIDT,BTC
1085,VIDTBUSD,VIDT,BUSD
1086,AAVEBNB,AAVE,BNB
1087,BTCBRL,BTC,BRL
1088,USDTBRL,USDT,BRL
1089,AAVEBTC,AAVE,BTC
1090,AAVEETH,AAVE,ETH
1091,AAVEBUSD,AAVE,BUSD
1092,AAVEUSDT,AAVE,USDT
1093,AAVEBKRW,AAVE,BKRW
1094,NEARBNB,NEAR,BNB
1095,NEARBTC,NEAR,BTC
1096,NEARBUSD,NEAR,BUSD
1097,NEARUSDT,NEAR,USDT
1098,SXPUPUSDT,SXPUP,USDT
1099,SXPDOWNUSDT,SXPDOWN,USDT
1100,DOTBKRW,DOT,BKRW
1101,SXPGBP,SXP,GBP
1102,FILBNB,FIL,BNB
1103,FILBTC,FIL,BTC
1104,FILBUSD,FIL,BUSD
1105,FILUSDT,FIL,USDT
1106,FILUPUSDT,FILUP,USDT
1107,FILDOWNUSDT,FILDOWN,USDT
1108,YFIUPUSDT,YFIUP,USDT
1109,YFIDOWNUSDT,YFIDOWN,USDT
1110,INJBNB,INJ,BNB
1111,INJBTC,INJ,BTC
1112,INJBUSD,INJ,BUSD
1113,INJUSDT,INJ,USDT
1114,AERGOBTC,AERGO,BTC
1115,AERGOBUSD,AERGO,BUSD
1116,LINKEUR,LINK,EUR
1117,ONEBUSD,ONE,BUSD
1118,EASYETH,EASY,ETH
1119,AUDIOBTC,AUDIO,BTC
1120,AUDIOBUSD,AUDIO,BUSD
1121,AUDIOUSDT,AUDIO,USDT
1122,CTKBNB,CTK,BNB
1123,CTKBTC,CTK,BTC
1124,CTKBUSD,CTK,BUSD
1125,CTKUSDT,CTK,USDT
1126,BCHUPUSDT,BCHUP,USDT
1127,BCHDOWNUSDT,BCHDOWN,USDT
1128,BOTBTC,BOT,BTC
1129,BOTBUSD,BOT,BUSD
1130,ETHBRL,ETH,BRL
1131,DOTEUR,DOT,EUR
1132,AKROBTC,AKRO,BTC
1133,AKROUSDT,AKRO,USDT
1134,KP3RBNB,KP3R,BNB
1135,KP3RBUSD,KP3R,BUSD
1136,AXSBNB,AXS,BNB
1137,AXSBTC,AXS,BTC
1138,AXSBUSD,AXS,BUSD
1139,AXSUSDT,AXS,USDT
1140,HARDBNB,HARD,BNB
1141,HARDBTC,HARD,BTC
1142,HARDBUSD,HARD,BUSD
1143,HARDUSDT,HARD,USDT
1144,BNBBRL,BNB,BRL
1145,LTCEUR,LTC,EUR
1146,RENBTCBTC,RENBTC,BTC
1147,RENBTCETH,RENBTC,ETH
1148,DNTBUSD,DNT,BUSD
1149,DNTUSDT,DNT,USDT
1150,SLPETH,SLP,ETH
1151,ADAEUR,ADA,EUR
1152,LTCNGN,LTC,NGN
1153,CVPETH,CVP,ETH
1154,CVPBUSD,CVP,BUSD
1155,STRAXBTC,STRAX,BTC
1156,STRAXETH,STRAX,ETH
1157,STRAXBUSD,STRAX,BUSD
1158,STRAXUSDT,STRAX,USDT
1159,FORBTC,FOR,BTC
1160,FORBUSD,FOR,BUSD
1161,UNFIBNB,UNFI,BNB
1162,UNFIBTC,UNFI,BTC
1163,UNFIBUSD,UNFI,BUSD
1164,UNFIUSDT,UNFI,USDT
1165,FRONTETH,FRONT,ETH
1166,FRONTBUSD,FRONT,BUSD
1167,BCHABUSD,BCHA,BUSD
1168,ROSEBTC,ROSE,BTC
1169,ROSEBUSD,ROSE,BUSD
1170,ROSEUSDT,ROSE,USDT
1171,AVAXTRY,AVAX,TRY
1172,BUSDBRL,BUSD,BRL
1173,AVAUSDT,AVA,USDT
1174,SYSBUSD,SYS,BUSD
1175,XEMUSDT,XEM,USDT
1176,HEGICETH,HEGIC,ETH
1177,HEGICBUSD,HEGIC,BUSD
1178,AAVEUPUSDT,AAVEUP,USDT
1179,AAVEDOWNUSDT,AAVEDOWN,USDT
1180,PROMBNB,PROM,BNB
1181,PROMBUSD,PROM,BUSD
1182,XRPBRL,XRP,BRL
1183,XRPNGN,XRP,NGN
1184,SKLBTC,SKL,BTC
1185,SKLBUSD,SKL,BUSD
1186,SKLUSDT,SKL,USDT
1187,BCHEUR,BCH,EUR
1188,YFIEUR,YFI,EUR
1189,ZILBIDR,ZIL,BIDR
1190,SUSDBTC,SUSD,BTC
1191,SUSDETH,SUSD,ETH
1192,SUSDUSDT,SUSD,USDT
1193,COVERETH,COVER,ETH
1194,COVERBUSD,COVER,BUSD
1195,GLMBTC,GLM,BTC
1196,GLMETH,GLM,ETH
1197,GHSTETH,GHST,ETH
1198,GHSTBUSD,GHST,BUSD
1199,SUSHIUPUSDT,SUSHIUP,USDT
1200,SUSHIDOWNUSDT,SUSHIDOWN,USDT
1201,XLMUPUSDT,XLMUP,USDT
1202,XLMDOWNUSDT,XLMDOWN,USDT
1203,LINKBRL,LINK,BRL
1204,LINKNGN,LINK,NGN
1205,LTCRUB,LTC,RUB
1206,TRXTRY,TRX,TRY
1207,XLMEUR,XLM,EUR
1208,DFETH,DF,ETH
1209,DFBUSD,DF,BUSD
1210,GRTBTC,GRT,BTC
1211,GRTETH,GRT,ETH
1212,GRTUSDT,GRT,USDT
1213,JUVBTC,JUV,BTC
1214,JUVBUSD,JUV,BUSD
1215,JUVUSDT,JUV,USDT
1216,PSGBTC,PSG,BTC
1217,PSGBUSD,PSG,BUSD
1218,PSGUSDT,PSG,USDT
1219,BUSDBVND,BUSD,BVND
1220,USDTBVND,USDT,BVND
1221,1INCHBTC,1INCH,BTC
1222,1INCHUSDT,1INCH,USDT
1223,REEFBTC,REEF,BTC
1224,REEFUSDT,REEF,USDT
1225,OGBTC,OG,BTC
1226,OGUSDT,OG,USDT
1227,ATMBTC,ATM,BTC
1228,ATMUSDT,ATM,USDT
1229,ASRBTC,ASR,BTC
1230,ASRUSDT,ASR,USDT
1231,CELOBTC,CELO,BTC
1232,CELOUSDT,CELO,USDT
1233,RIFBTC,RIF,BTC
1234,RIFUSDT,RIF,USDT
1235,CHZTRY,CHZ,TRY
1236,XLMTRY,XLM,TRY
1237,LINKGBP,LINK,GBP
1238,GRTEUR,GRT,EUR
1239,BTCSTBTC,BTCST,BTC
1240,BTCSTBUSD,BTCST,BUSD
1241,BTCSTUSDT,BTCST,USDT
1242,TRUBTC,TRU,BTC
1243,TRUBUSD,TRU,BUSD
1244,TRUUSDT,TRU,USDT
1245,DEXEETH,DEXE,ETH
1246,DEXEBUSD,DEXE,BUSD
1247,EOSEUR,EOS,EUR
1248,LTCBRL,LTC,BRL
1249,USDCBUSD,USDC,BUSD
1250,TUSDBUSD,TUSD,BUSD
1251,PAXBUSD,PAX,BUSD
1252,CKBBTC,CKB,BTC
1253,CKBBUSD,CKB,BUSD
1254,CKBUSDT,CKB,USDT
1255,TWTBTC,TWT,BTC
1256,TWTBUSD,TWT,BUSD
1257,TWTUSDT,TWT,USDT
1258,FIROBTC,FIRO,BTC
1259,FIROETH,FIRO,ETH
1260,FIROUSDT,FIRO,USDT
1261,BETHETH,BETH,ETH
1262,DOGEEUR,DOGE,EUR
1263,DOGETRY,DOGE,TRY
1264,DOGEAUD,DOGE,AUD
1265,DOGEBRL,DOGE,BRL
1266,DOTNGN,DOT,NGN
1267,PROSETH,PROS,ETH
1268,LITBTC,LIT,BTC
1269,LITBUSD,LIT,BUSD
1270,LITUSDT,LIT,USDT
1271,BTCVAI,BTC,VAI
1272,BUSDVAI,BUSD,VAI
1273,SFPBTC,SFP,BTC
1274,SFPBUSD,SFP,BUSD
1275,SFPUSDT,SFP,USDT
1276,DOGEGBP,DOGE,GBP
1277,DOTTRY,DOT,TRY
1278,FXSBTC,FXS,BTC
1279,FXSBUSD,FXS,BUSD
1280,DODOBTC,DODO,BTC
1281,DODOBUSD,DODO,BUSD
1282,DODOUSDT,DODO,USDT
1283,FRONTBTC,FRONT,BTC
1284,EASYBTC,EASY,BTC
1285,CAKEBTC,CAKE,BTC
1286,CAKEUSDT,CAKE,USDT
1287,BAKEBUSD,BAKE,BUSD
1288,UFTETH,UFT,ETH
1289,UFTBUSD,UFT,BUSD
1290,1INCHBUSD,1INCH,BUSD
1291,BANDBUSD,BAND,BUSD
1292,GRTBUSD,GRT,BUSD
1293,IOSTBUSD,IOST,BUSD
1294,OMGBUSD,OMG,BUSD
1295,REEFBUSD,REEF,BUSD
1296,ACMBTC,ACM,BTC
1297,ACMBUSD,ACM,BUSD
1298,ACMUSDT,ACM,USDT
1299,AUCTIONBTC,AUCTION,BTC
1300,AUCTIONBUSD,AUCTION,BUSD
1301,PHABTC,PHA,BTC
1302,PHABUSD,PHA,BUSD
1303,DOTGBP,DOT,GBP
1304,ADATRY,ADA,TRY
1305,ADABRL,ADA,BRL
1306,ADAGBP,ADA,GBP
1307,TVKBTC,TVK,BTC
1308,TVKBUSD,TVK,BUSD
1309,BADGERBTC,BADGER,BTC
1310,BADGERBUSD,BADGER,BUSD
1311,BADGERUSDT,BADGER,USDT
1312,FISBTC,FIS,BTC
1313,FISBUSD,FIS,BUSD
1314,FISUSDT,FIS,USDT
1315,DOTBRL,DOT,BRL
1316,ADAAUD,ADA,AUD
1317,HOTTRY,HOT,TRY
1318,EGLDEUR,EGLD,EUR
1319,OMBTC,OM,BTC
1320,OMBUSD,OM,BUSD
1321,OMUSDT,OM,USDT
1322,PONDBTC,POND,BTC
1323,PONDBUSD,POND,BUSD
1324,PONDUSDT,POND,USDT
1325,DEGOBTC,DEGO,BTC
1326,DEGOBUSD,DEGO,BUSD
1327,DEGOUSDT,DEGO,USDT
1328,AVAXEUR,AVAX,EUR
1329,BTTTRY,BTT,TRY
1330,CHZBRL,CHZ,BRL
1331,UNIEUR,UNI,EUR
1332,ALICEBTC,ALICE,BTC
1333,ALICEBUSD,ALICE,BUSD
1334,ALICEUSDT,ALICE,USDT
1335,CHZBUSD,CHZ,BUSD
1336,CHZEUR,CHZ,EUR
1337,CHZGBP,CHZ,GBP
1338,BIFIBNB,BIFI,BNB
1339,BIFIBUSD,BIFI,BUSD
1340,LINABTC,LINA,BTC
1341,LINABUSD,LINA,BUSD
1342,LINAUSDT,LINA,USDT
1343,ADARUB,ADA,RUB
1344,ENJBRL,ENJ,BRL
1345,ENJEUR,ENJ,EUR
1346,MATICEUR,MATIC,EUR
1347,NEOTRY,NEO,TRY
1348,PERPBTC,PERP,BTC
1349,PERPBUSD,PERP,BUSD
1350,PERPUSDT,PERP,USDT
1351,RAMPBTC,RAMP,BTC
1352,RAMPBUSD,RAMP,BUSD
1353,RAMPUSDT,RAMP,USDT
1354,SUPERBTC,SUPER,BTC
1355,SUPERBUSD,SUPER,BUSD
1356,SUPERUSDT,SUPER,USDT
1357,CFXBTC,CFX,BTC
1358,CFXBUSD,CFX,BUSD
1359,CFXUSDT,CFX,USDT
1360,ENJGBP,ENJ,GBP
1361,EOSTRY,EOS,TRY
1362,LTCGBP,LTC,GBP
1363,LUNAEUR,LUNA,EUR
1364,RVNTRY,RVN,TRY
1365,THETAEUR,THETA,EUR
1366,XVGBUSD,XVG,BUSD
1367,EPSBTC,EPS,BTC
1368,EPSBUSD,EPS,BUSD
1369,EPSUSDT,EPS,USDT
1370,AUTOBTC,AUTO,BTC
1371,AUTOBUSD,AUTO,BUSD
1372,AUTOUSDT,AUTO,USDT
1373,TKOBTC,TKO,BTC
1374,TKOBIDR,TKO,BIDR
1375,TKOBUSD,TKO,BUSD
1376,TKOUSDT,TKO,USDT
1377,PUNDIXETH,PUNDIX,ETH
1378,PUNDIXUSDT,PUNDIX,USDT
1379,BTTBRL,BTT,BRL
1380,BTTEUR,BTT,EUR
1381,HOTEUR,HOT,EUR
1382,WINEUR,WIN,EUR
1383,TLMBTC,TLM,BTC
1384,TLMBUSD,TLM,BUSD
1385,TLMUSDT,TLM,USDT
1386,1INCHUPUSDT,1INCHUP,USDT
1387,1INCHDOWNUSDT,1INCHDOWN,USDT
1388,BTGBUSD,BTG,BUSD
1389,BTGUSDT,BTG,USDT
1390,HOTBUSD,HOT,BUSD
1391,BNBUAH,BNB,UAH
1392,ONTTRY,ONT,TRY
1393,VETEUR,VET,EUR
1394,VETGBP,VET,GBP
1395,WINBRL,WIN,BRL
1396,MIRBTC,MIR,BTC
1397,MIRBUSD,MIR,BUSD
1398,MIRUSDT,MIR,USDT
1399,BARBTC,BAR,BTC
1400,BARBUSD,BAR,BUSD
1401,BARUSDT,BAR,USDT
1402,FORTHBTC,FORTH,BTC
1403,FORTHBUSD,FORTH,BUSD
1404,FORTHUSDT,FORTH,USDT
1405,CAKEGBP,CAKE,GBP
1406,DOGERUB,DOGE,RUB
1407,HOTBRL,HOT,BRL
1408,WRXEUR,WRX,EUR
1409,EZBTC,EZ,BTC
1410,EZETH,EZ,ETH
1411,BAKEUSDT,BAKE,USDT
1412,BURGERBUSD,BURGER,BUSD
1413,BURGERUSDT,BURGER,USDT
1414,SLPBUSD,SLP,BUSD
1415,SLPUSDT,SLP,USDT
1416,TRXAUD,TRX,AUD
1417,TRXEUR,TRX,EUR
1418,VETTRY,VET,TRY
1419,SHIBUSDT,SHIB,USDT
1420,SHIBBUSD,SHIB,BUSD
1421,ICPBTC,ICP,BTC
1422,ICPBNB,ICP,BNB
1423,ICPBUSD,ICP,BUSD
1424,ICPUSDT,ICP,USDT
1425,SHIBEUR,SHIB,EUR
1426,SHIBRUB,SHIB,RUB
1427,ETCEUR,ETC,EUR
1428,ETCBRL,ETC,BRL
1429,DOGEBIDR,DOGE,BIDR
1430,ARBTC,AR,BTC
1431,ARBNB,AR,BNB
1432,ARBUSD,AR,BUSD
1433,ARUSDT,AR,USDT
1434,POLSBTC,POLS,BTC
1435,POLSBNB,POLS,BNB
1436,POLSBUSD,POLS,BUSD
1437,POLSUSDT,POLS,USDT
1438,MDXBTC,MDX,BTC
1439,MDXBNB,MDX,BNB
1440,MDXBUSD,MDX,BUSD
1441,MDXUSDT,MDX,USDT
1442,MASKBNB,MASK,BNB
1443,MASKBUSD,MASK,BUSD
1444,MASKUSDT,MASK,USDT
1445,LPTBTC,LPT,BTC
1446,LPTBNB,LPT,BNB
1447,LPTBUSD,LPT,BUSD
1448,LPTUSDT,LPT,USDT
1449,ETHUAH,ETH,UAH
1450,MATICBRL,MATIC,BRL
1451,SOLEUR,SOL,EUR
1452,SHIBBRL,SHIB,BRL
1453,AGIXBTC,AGIX,BTC
1454,ICPEUR,ICP,EUR
1455,MATICGBP,MATIC,GBP
1456,SHIBTRY,SHIB,TRY
1457,MATICBIDR,MATIC,BIDR
1458,MATICRUB,MATIC,RUB
1459,NUBTC,NU,BTC
1460,NUBNB,NU,BNB
1461,NUBUSD,NU,BUSD
1462,NUUSDT,NU,USDT
1463,XVGUSDT,XVG,USDT
1464,RLCBUSD,RLC,BUSD
1465,CELRBUSD,CELR,BUSD
1466,ATMBUSD,ATM,BUSD
1467,ZENBUSD,ZEN,BUSD
1468,FTMBUSD,FTM,BUSD
1469,THETABUSD,THETA,BUSD
1470,WINBUSD,WIN,BUSD
1471,KAVABUSD,KAVA,BUSD
1472,XEMBUSD,XEM,BUSD
1473,ATABTC,ATA,BTC
1474,ATABNB,ATA,BNB
1475,ATABUSD,ATA,BUSD
1476,ATAUSDT,ATA,USDT
1477,GTCBTC,GTC,BTC
1478,GTCBNB,GTC,BNB
1479,GTCBUSD,GTC,BUSD
1480,GTCUSDT,GTC,USDT
1481,TORNBTC,TORN,BTC
1482,TORNBNB,TORN,BNB
1483,TORNBUSD,TORN,BUSD
1484,TORNUSDT,TORN,USDT
1485,MATICTRY,MATIC,TRY
1486,ETCGBP,ETC,GBP
1487,SOLGBP,SOL,GBP
1488,BAKEBTC,BAKE,BTC
1489,COTIBUSD,COTI,BUSD
1490,KEEPBTC,KEEP,BTC
1491,KEEPBNB,KEEP,BNB
1492,KEEPBUSD,KEEP,BUSD
1493,KEEPUSDT,KEEP,USDT
1494,SOLTRY,SOL,TRY
1495,RUNEGBP,RUNE,GBP
1496,SOLBRL,SOL,BRL
1497,SCBUSD,SC,BUSD
1498,CHRBUSD,CHR,BUSD
1499,STMXBUSD,STMX,BUSD
1500,HNTBUSD,HNT,BUSD
1501,FTTBUSD,FTT,BUSD
1502,DOCKBUSD,DOCK,BUSD
1503,ADABIDR,ADA,BIDR
1504,ERNBNB,ERN,BNB
1505,ERNBUSD,ERN,BUSD
1506,ERNUSDT,ERN,USDT
1507,KLAYBTC,KLAY,BTC
1508,KLAYBNB,KLAY,BNB
1509,KLAYBUSD,KLAY,BUSD
1510,KLAYUSDT,KLAY,USDT
1511,RUNEEUR,RUNE,EUR
1512,MATICAUD,MATIC,AUD
1513,DOTRUB,DOT,RUB
1514,UTKBUSD,UTK,BUSD
1515,IOTXBUSD,IOTX,BUSD
1516,PHAUSDT,PHA,USDT
1517,SOLRUB,SOL,RUB
1518,RUNEAUD,RUNE,AUD
1519,BUSDUAH,BUSD,UAH
1520,BONDBTC,BOND,BTC
1521,BONDBNB,BOND,BNB
1522,BONDBUSD,BOND,BUSD
1523,BONDUSDT,BOND,USDT
1524,MLNBTC,MLN,BTC
1525,MLNBNB,MLN,BNB
1526,MLNBUSD,MLN,BUSD
1527,MLNUSDT,MLN,USDT
1528,GRTTRY,GRT,TRY
1529,CAKEBRL,CAKE,BRL
1530,ICPRUB,ICP,RUB
1531,DOTAUD,DOT,AUD
1532,AAVEBRL,AAVE,BRL
1533,EOSAUD,EOS,AUD
1534,DEXEUSDT,DEXE,USDT
1535,LTOBUSD,LTO,BUSD
1536,ADXBUSD,ADX,BUSD
1537,QUICKBTC,QUICK,BTC
1538,QUICKBNB,QUICK,BNB
1539,QUICKBUSD,QUICK,BUSD
1540,C98USDT,C98,USDT
1541,C98BUSD,C98,BUSD
1542,C98BNB,C98,BNB
1543,C98BTC,C98,BTC
1544,CLVBTC,CLV,BTC
1545,CLVBNB,CLV,BNB
1546,CLVBUSD,CLV,BUSD
1547,CLVUSDT,CLV,USDT
1548,QNTBTC,QNT,BTC
1549,QNTBNB,QNT,BNB
1550,QNTBUSD,QNT,BUSD
1551,QNTUSDT,QNT,USDT
1552,FLOWBTC,FLOW,BTC
1553,FLOWBNB,FLOW,BNB
1554,FLOWBUSD,FLOW,BUSD
1555,FLOWUSDT,FLOW,USDT
1556,XECBUSD,XEC,BUSD
1557,AXSBRL,AXS,BRL
1558,AXSAUD,AXS,AUD
1559,TVKUSDT,TVK,USDT
1560,MINABTC,MINA,BTC
1561,MINABNB,MINA,BNB
1562,MINABUSD,MINA,BUSD
1563,MINAUSDT,MINA,USDT
1564,RAYBNB,RAY,BNB
1565,RAYBUSD,RAY,BUSD
1566,RAYUSDT,RAY,USDT
1567,FARMBTC,FARM,BTC
1568,FARMBNB,FARM,BNB
1569,FARMBUSD,FARM,BUSD
1570,FARMUSDT,FARM,USDT
1571,ALPACABTC,ALPACA,BTC
1572,ALPACABNB,ALPACA,BNB
1573,ALPACABUSD,ALPACA,BUSD
1574,ALPACAUSDT,ALPACA,USDT
1575,TLMTRY,TLM,TRY
1576,QUICKUSDT,QUICK,USDT
1577,ORNBUSD,ORN,BUSD
1578,MBOXBTC,MBOX,BTC
1579,MBOXBNB,MBOX,BNB
1580,MBOXBUSD,MBOX,BUSD
1581,MBOXUSDT,MBOX,USDT
1582,VGXBTC,VGX,BTC
1583,VGXETH,VGX,ETH
1584,FORUSDT,FOR,USDT
1585,REQUSDT,REQ,USDT
1586,GHSTUSDT,GHST,USDT
1587,TRURUB,TRU,RUB
1588,FISBRL,FIS,BRL
1589,WAXPUSDT,WAXP,USDT
1590,WAXPBUSD,WAXP,BUSD
1591,WAXPBNB,WAXP,BNB
1592,WAXPBTC,WAXP,BTC
1593,TRIBEBTC,TRIBE,BTC
1594,TRIBEBNB,TRIBE,BNB
1595,TRIBEBUSD,TRIBE,BUSD
1596,TRIBEUSDT,TRIBE,USDT
1597,GNOUSDT,GNO,USDT
1598,GNOBUSD,GNO,BUSD
1599,GNOBNB,GNO,BNB
1600,GNOBTC,GNO,BTC
1601,ARPATRY,ARPA,TRY
1602,PROMBTC,PROM,BTC
1603,MTLBUSD,MTL,BUSD
1604,OGNBUSD,OGN,BUSD
1605,XECUSDT,XEC,USDT
1606,C98BRL,C98,BRL
1607,SOLAUD,SOL,AUD
1608,XRPBIDR,XRP,BIDR
1609,POLYBUSD,POLY,BUSD
1610,ELFUSDT,ELF,USDT
1611,DYDXUSDT,DYDX,USDT
1612,DYDXBUSD,DYDX,BUSD
1613,DYDXBNB,DYDX,BNB
1614,DYDXBTC,DYDX,BTC
1615,ELFBUSD,ELF,BUSD
1616,POLYUSDT,POLY,USDT
1617,IDEXUSDT,IDEX,USDT
1618,VIDTUSDT,VIDT,USDT
1619,SOLBIDR,SOL,BIDR
1620,BTCUSDP,BTC,USDP
1621,ETHUSDP,ETH,USDP
1622,BNBUSDP,BNB,USDP
1623,USDPBUSD,USDP,BUSD
1624,USDPUSDT,USDP,USDT
1625,GALAUSDT,GALA,USDT
1626,GALABUSD,GALA,BUSD
1627,GALABNB,GALA,BNB
1628,GALABTC,GALA,BTC
1629,FTMBIDR,FTM,BIDR
1630,ALGOBIDR,ALGO,BIDR
1631,CAKEAUD,CAKE,AUD
1632,KSMAUD,KSM,AUD
1633,WAVESRUB,WAVES,RUB
1634,SUNBUSD,SUN,BUSD
1635,ILVUSDT,ILV,USDT
1636,ILVBUSD,ILV,BUSD
1637,ILVBNB,ILV,BNB
1638,ILVBTC,ILV,BTC
1639,RENBUSD,REN,BUSD
1640,YGGUSDT,YGG,USDT
1641,YGGBUSD,YGG,BUSD
1642,YGGBNB,YGG,BNB
1643,YGGBTC,YGG,BTC
1644,STXBUSD,STX,BUSD
1645,SYSUSDT,SYS,USDT
1646,DFUSDT,DF,USDT
1647,SOLUSDC,SOL,USDC
1648,ARPARUB,ARPA,RUB
1649,LTCUAH,LTC,UAH
1650,FETBUSD,FET,BUSD
1651,ARPABUSD,ARPA,BUSD
1652,LSKBUSD,LSK,BUSD
1653,AVAXBIDR,AVAX,BIDR
1654,ALICEBIDR,ALICE,BIDR
1655,FIDAUSDT,FIDA,USDT
1656,FIDABUSD,FIDA,BUSD
1657,FIDABNB,FIDA,BNB
1658,FIDABTC,FIDA,BTC
1659,DENTBUSD,DENT,BUSD
1660,FRONTUSDT,FRONT,USDT
1661,CVPUSDT,CVP,USDT
1662,AGLDBTC,AGLD,BTC
1663,AGLDBNB,AGLD,BNB
1664,AGLDBUSD,AGLD,BUSD
1665,AGLDUSDT,AGLD,USDT
1666,RADBTC,RAD,BTC
1667,RADBNB,RAD,BNB
1668,RADBUSD,RAD,BUSD
1669,RADUSDT,RAD,USDT
1670,UNIAUD,UNI,AUD
1671,HIVEBUSD,HIVE,BUSD
1672,STPTBUSD,STPT,BUSD
1673,BETABTC,BETA,BTC
1674,BETABNB,BETA,BNB
1675,BETABUSD,BETA,BUSD
1676,BETAUSDT,BETA,USDT
1677,SHIBAUD,SHIB,AUD
1678,RAREBTC,RARE,BTC
1679,RAREBNB,RARE,BNB
1680,RAREBUSD,RARE,BUSD
1681,RAREUSDT,RARE,USDT
1682,AVAXBRL,AVAX,BRL
1683,AVAXAUD,AVAX,AUD
1684,LUNAAUD,LUNA,AUD
1685,TROYBUSD,TROY,BUSD
1686,AXSETH,AXS,ETH
1687,FTMETH,FTM,ETH
1688,SOLETH,SOL,ETH
1689,SSVBTC,SSV,BTC
1690,SSVETH,SSV,ETH
1691,LAZIOTRY,LAZIO,TRY
1692,LAZIOEUR,LAZIO,EUR
1693,LAZIOBTC,LAZIO,BTC
1694,LAZIOUSDT,LAZIO,USDT
1695,CHESSBTC,CHESS,BTC
1696,CHESSBNB,CHESS,BNB
1697,CHESSBUSD,CHESS,BUSD
1698,CHESSUSDT,CHESS,USDT
1699,FTMAUD,FTM,AUD
1700,FTMBRL,FTM,BRL
1701,SCRTBUSD,SCRT,BUSD
1702,ADXUSDT,ADX,USDT
1703,AUCTIONUSDT,AUCTION,USDT
1704,CELOBUSD,CELO,BUSD
1705,FTMRUB,FTM,RUB
1706,NUAUD,NU,AUD
1707,NURUB,NU,RUB
1708,REEFTRY,REEF,TRY
1709,REEFBIDR,REEF,BIDR
1710,SHIBDOGE,SHIB,DOGE
1711,DARUSDT,DAR,USDT
1712,DARBUSD,DAR,BUSD
1713,DARBNB,DAR,BNB
1714,DARBTC,DAR,BTC
1715,BNXBTC,BNX,BTC
1716,BNXBNB,BNX,BNB
1717,BNXBUSD,BNX,BUSD
1718,BNXUSDT,BNX,USDT
1719,RGTUSDT,RGT,USDT
1720,RGTBTC,RGT,BTC
1721,RGTBUSD,RGT,BUSD
1722,RGTBNB,RGT,BNB
1723,LAZIOBUSD,LAZIO,BUSD
1724,OXTBUSD,OXT,BUSD
1725,MANATRY,MANA,TRY
1726,ALGORUB,ALGO,RUB
1727,SHIBUAH,SHIB,UAH
1728,LUNABIDR,LUNA,BIDR
1729,AUDUSDC,AUD,USDC
1730,MOVRBTC,MOVR,BTC
1731,MOVRBNB,MOVR,BNB
1732,MOVRBUSD,MOVR,BUSD
1733,MOVRUSDT,MOVR,USDT
1734,CITYBTC,CITY,BTC
1735,CITYBNB,CITY,BNB
1736,CITYBUSD,CITY,BUSD
1737,CITYUSDT,CITY,USDT
1738,ENSBTC,ENS,BTC
1739,ENSBNB,ENS,BNB
1740,ENSBUSD,ENS,BUSD
1741,ENSUSDT,ENS,USDT
1742,SANDETH,SAND,ETH
1743,DOTETH,DOT,ETH
1744,MATICETH,MATIC,ETH
1745,ANKRBUSD,ANKR,BUSD
1746,SANDTRY,SAND,TRY
1747,MANABRL,MANA,BRL
1748,KP3RUSDT,KP3R,USDT
1749,QIUSDT,QI,USDT
1750,QIBUSD,QI,BUSD
1751,QIBNB,QI,BNB
1752,QIBTC,QI,BTC
1753,PORTOBTC,PORTO,BTC
1754,PORTOUSDT,PORTO,USDT
1755,PORTOTRY,PORTO,TRY
1756,PORTOEUR,PORTO,EUR
1757,POWRUSDT,POWR,USDT
1758,POWRBUSD,POWR,BUSD
1759,AVAXETH,AVAX,ETH
1760,SLPTRY,SLP,TRY
1761,FISTRY,FIS,TRY
1762,LRCTRY,LRC,TRY
1763,CHRETH,CHR,ETH
1764,FISBIDR,FIS,BIDR
1765,VGXUSDT,VGX,USDT
1766,GALAETH,GALA,ETH
1767,JASMYUSDT,JASMY,USDT
1768,JASMYBUSD,JASMY,BUSD
1769,JASMYBNB,JASMY,BNB
1770,JASMYBTC,JASMY,BTC
1771,AMPBTC,AMP,BTC
1772,AMPBNB,AMP,BNB
1773,AMPBUSD,AMP,BUSD
1774,AMPUSDT,AMP,USDT
1775,PLABTC,PLA,BTC
1776,PLABNB,PLA,BNB
1777,PLABUSD,PLA,BUSD
1778,PLAUSDT,PLA,USDT
1779,PYRBTC,PYR,BTC
1780,PYRBUSD,PYR,BUSD
1781,PYRUSDT,PYR,USDT
1782,RNDRBTC,RNDR,BTC
1783,RNDRUSDT,RNDR,USDT
1784,RNDRBUSD,RNDR,BUSD
1785,ALCXBTC,ALCX,BTC
1786,ALCXBUSD,ALCX,BUSD
1787,ALCXUSDT,ALCX,USDT
1788,SANTOSBTC,SANTOS,BTC
1789,SANTOSUSDT,SANTOS,USDT
1790,SANTOSBRL,SANTOS,BRL
1791,SANTOSTRY,SANTOS,TRY
1792,MCBTC,MC,BTC
1793,MCBUSD,MC,BUSD
1794,MCUSDT,MC,USDT
1795,BELTRY,BEL,TRY
1796,COCOSBUSD,COCOS,BUSD
1797,DENTTRY,DENT,TRY
1798,ENJTRY,ENJ,TRY
1799,NEORUB,NEO,RUB
1800,SANDAUD,SAND,AUD
1801,SLPBIDR,SLP,BIDR
1802,ANYBTC,ANY,BTC
1803,ANYBUSD,ANY,BUSD
1804,ANYUSDT,ANY,USDT
1805,BICOBTC,BICO,BTC
1806,BICOBUSD,BICO,BUSD
1807,BICOUSDT,BICO,USDT
1808,FLUXBTC,FLUX,BTC
1809,FLUXBUSD,FLUX,BUSD
1810,FLUXUSDT,FLUX,USDT
1811,ALICETRY,ALICE,TRY
1812,FXSUSDT,FXS,USDT
1813,GALABRL,GALA,BRL
1814,GALATRY,GALA,TRY
1815,LUNATRY,LUNA,TRY
1816,REQBUSD,REQ,BUSD
1817,SANDBRL,SAND,BRL
1818,MANABIDR,MANA,BIDR
1819,SANDBIDR,SAND,BIDR
1820,VOXELBTC,VOXEL,BTC
1821,VOXELBNB,VOXEL,BNB
1822,VOXELBUSD,VOXEL,BUSD
1823,VOXELUSDT,VOXEL,USDT
1824,COSBUSD,COS,BUSD
1825,CTXCBUSD,CTXC,BUSD
1826,FTMTRY,FTM,TRY
1827,MANABNB,MANA,BNB
1828,MINATRY,MINA,TRY
1829,XTZTRY,XTZ,TRY
1830,HIGHBTC,HIGH,BTC
1831,HIGHBUSD,HIGH,BUSD
1832,HIGHUSDT,HIGH,USDT
1833,CVXBTC,CVX,BTC
1834,CVXBUSD,CVX,BUSD
1835,CVXUSDT,CVX,USDT
1836,PEOPLEBTC,PEOPLE,BTC
1837,PEOPLEBUSD,PEOPLE,BUSD
1838,PEOPLEUSDT,PEOPLE,USDT
1839,OOKIBUSD,OOKI,BUSD
1840,OOKIUSDT,OOKI,USDT
1841,COCOSTRY,COCOS,TRY
1842,GXSBNB,GXS,BNB
1843,LINKBNB,LINK,BNB
1844,LUNAETH,LUNA,ETH
1845,MDTBUSD,MDT,BUSD
1846,NULSBUSD,NULS,BUSD
1847,SPELLBTC,SPELL,BTC
1848,SPELLUSDT,SPELL,USDT
1849,SPELLBUSD,SPELL,BUSD
1850,USTBTC,UST,BTC
1851,USTBUSD,UST,BUSD
1852,USTUSDT,UST,USDT
1853,JOEBTC,JOE,BTC
1854,JOEBUSD,JOE,BUSD
1855,JOEUSDT,JOE,USDT
1856,ATOMETH,ATOM,ETH
1857,DUSKBUSD,DUSK,BUSD
1858,EGLDETH,EGLD,ETH
1859,ICPETH,ICP,ETH
1860,LUNABRL,LUNA,BRL
1861,LUNAUST,LUNA,UST
1862,NEARETH,NEAR,ETH
1863,ROSEBNB,ROSE,BNB
1864,VOXELETH,VOXEL,ETH
1865,ALICEBNB,ALICE,BNB
1866,ATOMTRY,ATOM,TRY
1867,ETHUST,ETH,UST
1868,GALAAUD,GALA,AUD
1869,LRCBNB,LRC,BNB
1870,ONEETH,ONE,ETH
1871,OOKIBNB,OOKI,BNB
1872,ACHBTC,ACH,BTC
1873,ACHBUSD,ACH,BUSD
1874,ACHUSDT,ACH,USDT
1875,IMXBTC,IMX,BTC
1876,IMXBUSD,IMX,BUSD
1877,IMXUSDT,IMX,USDT
1878,GLMRBTC,GLMR,BTC
1879,GLMRBUSD,GLMR,BUSD
1880,GLMRUSDT,GLMR,USDT
1881,ATOMBIDR,ATOM,BIDR
1882,DYDXETH,DYDX,ETH
1883,FARMETH,FARM,ETH
1884,FORBNB,FOR,BNB
1885,ICPTRY,ICP,TRY
1886,JASMYETH,JASMY,ETH
1887,LINABNB,LINA,BNB
1888,OOKIETH,OOKI,ETH
1889,ROSEETH,ROSE,ETH
1890,UMABUSD,UMA,BUSD
1891,UNIETH,UNI,ETH
1892,XTZETH,XTZ,ETH
1893,LOKABTC,LOKA,BTC
1894,LOKABNB,LOKA,BNB
1895,LOKABUSD,LOKA,BUSD
1896,LOKAUSDT,LOKA,USDT
1897,ATOMBRL,ATOM,BRL
1898,BNBUST,BNB,UST
1899,CRVETH,CRV,ETH
1900,HIGHBNB,HIGH,BNB
1901,NEARRUB,NEAR,RUB
1902,ROSETRY,ROSE,TRY
1903,SCRTUSDT,SCRT,USDT
1904,API3BTC,API3,BTC
1905,API3BUSD,API3,BUSD
1906,API3USDT,API3,USDT
1907,BTTCUSDT,BTTC,USDT
1908,BTTCUSDC,BTTC,USDC
1909,BTTCTRY,BTTC,TRY
1910,ACABTC,ACA,BTC
1911,ACABUSD,ACA,BUSD
1912,ACAUSDT,ACA,USDT
1913,ANCBTC,ANC,BTC
1914,ANCBUSD,ANC,BUSD
1915,ANCUSDT,ANC,USDT
1916,BDOTDOT,BDOT,DOT
1917,XNOBTC,XNO,BTC
1918,XNOETH,XNO,ETH
1919,XNOBUSD,XNO,BUSD
1920,XNOUSDT,XNO,USDT
1921,COSTRY,COS,TRY
1922,KAVAETH,KAVA,ETH
1923,MCBNB,MC,BNB
1924,ONETRY,ONE,TRY
1925,WOOBTC,WOO,BTC
1926,WOOBNB,WOO,BNB
1927,WOOBUSD,WOO,BUSD
1928,WOOUSDT,WOO,USDT
1929,CELRETH,CELR,ETH
1930,PEOPLEBNB,PEOPLE,BNB
1931,SLPBNB,SLP,BNB
1932,SPELLBNB,SPELL,BNB
1933,SPELLTRY,SPELL,TRY
1934,TFUELBUSD,TFUEL,BUSD
1935,AXSTRY,AXS,TRY
1936,DARTRY,DAR,TRY
1937,NEARTRY,NEAR,TRY
1938,IDEXBNB,IDEX,BNB
1939,ALPINEEUR,ALPINE,EUR
1940,ALPINETRY,ALPINE,TRY
1941,ALPINEUSDT,ALPINE,USDT
1942,ALPINEBTC,ALPINE,BTC
1943,TUSDT,T,USDT
1944,TBUSD,T,BUSD
1945,API3BNB,API3,BNB
1946,BETAETH,BETA,ETH
1947,INJTRY,INJ,TRY
1948,TLMBNB,TLM,BNB
1949,ASTRBUSD,ASTR,BUSD
1950,ASTRUSDT,ASTR,USDT
1951,API3TRY,API3,TRY
1952,GLMRBNB,GLMR,BNB
1953,MBOXTRY,MBOX,TRY
1954,GMTBTC,GMT,BTC
1955,GMTBNB,GMT,BNB
1956,GMTBUSD,GMT,BUSD
1957,GMTUSDT,GMT,USDT
1958,ANCBNB,ANC,BNB
1959,ATOMEUR,ATOM,EUR
1960,GALAEUR,GALA,EUR
1961,KSMETH,KSM,ETH
1962,UMATRY,UMA,TRY
1963,KDABTC,KDA,BTC
1964,KDABUSD,KDA,BUSD
1965,KDAUSDT,KDA,USDT
1966,APEUSDT,APE,USDT
1967,APEBUSD,APE,BUSD
1968,APEBTC,APE,BTC
1969,ALPINEBUSD,ALPINE,BUSD
1970,LUNAGBP,LUNA,GBP
1971,NEAREUR,NEAR,EUR
1972,TWTTRY,TWT,TRY
1973,WAVESEUR,WAVES,EUR
1974,APEEUR,APE,EUR
1975,APEGBP,APE,GBP
1976,APETRY,APE,TRY
1977,BSWUSDT,BSW,USDT
1978,BSWBUSD,BSW,BUSD
1979,BSWBNB,BSW,BNB
1980,APEBNB,APE,BNB
1981,GMTBRL,GMT,BRL
1982,GMTETH,GMT,ETH
1983,JASMYTRY,JASMY,TRY
1984,SANTOSBUSD,SANTOS,BUSD
1985,APEAUD,APE,AUD
1986,BIFIUSDT,BIFI,USDT
1987,GMTEUR,GMT,EUR
1988,IMXBNB,IMX,BNB
1989,RUNEETH,RUNE,ETH
1990,AVAXGBP,AVAX,GBP
1991,MULTIBTC,MULTI,BTC
1992,MULTIBUSD,MULTI,BUSD
1993,MULTIUSDT,MULTI,USDT
1994,APEETH,APE,ETH
1995,BSWETH,BSW,ETH
1996,FILTRY,FIL,TRY
1997,FTMEUR,FTM,EUR
1998,GMTGBP,GMT,GBP
1999,ZILTRY,ZIL,TRY
2000,GMTTRY,GMT,TRY
2001,WAVESTRY,WAVES,TRY
2002,BTCUST,BTC,UST
2003,ASTRBTC,ASTR,BTC
2004,ASTRETH,ASTR,ETH
2005,BSWTRY,BSW,TRY
2006,FTTETH,FTT,ETH
2007,FUNBNB,FUN,BNB
2008,PORTOBUSD,PORTO,BUSD
2009,STEEMUSDT,STEEM,USDT
2010,ZILEUR,ZIL,EUR
2011,APEBRL,APE,BRL
2012,AUDIOTRY,AUDIO,TRY
2013,BTTCBUSD,BTTC,BUSD
2014,GMTAUD,GMT,AUD
2015,MBLBUSD,MBL,BUSD
2016,MOBUSDT,MOB,USDT
2017,MOBBUSD,MOB,BUSD
2018,MOBBTC,MOB,BTC
2019,NEXOUSDT,NEXO,USDT
2020,NEXOBUSD,NEXO,BUSD
2021,NEXOBTC,NEXO,BTC
2022,REIUSDT,REI,USDT
2023,REIBNB,REI,BNB
2024,REIETH,REI,ETH
2025,GALUSDT,GAL,USDT
2026,GALBUSD,GAL,BUSD
2027,GALBNB,GAL,BNB
2028,GALBTC,GAL,BTC
2029,JASMYEUR,JASMY,EUR
2030,KNCBNB,KNC,BNB
2031,SHIBGBP,SHIB,GBP
2032,GALEUR,GAL,EUR
2033,GALTRY,GAL,TRY
2034,LDOBUSD,LDO,BUSD
2035,LDOUSDT,LDO,USDT
2036,LDOBTC,LDO,BTC
2037,ENSTRY,ENS,TRY
2038,DAREUR,DAR,EUR
2039,DARETH,DAR,ETH
2040,ALGOETH,ALGO,ETH
2041,ALGOTRY,ALGO,TRY
2042,GALETH,GAL,ETH
2043,EPXUSDT,EPX,USDT
2044,EPXBUSD,EPX,BUSD
2045,RUNETRY,RUNE,TRY
2046,GALBRL,GAL,BRL
2047,STEEMBUSD,STEEM,BUSD
2048,CVCBUSD,CVC,BUSD
2049,REIBUSD,REI,BUSD
2050,DREPBUSD,DREP,BUSD
2051,AKROBUSD,AKRO,BUSD
2052,PUNDIXBUSD,PUNDIX,BUSD
2053,LUNCBUSD,LUNC,BUSD
2054,USTCBUSD,USTC,BUSD
2055,OPBTC,OP,BTC
2056,OPBUSD,OP,BUSD
2057,OPUSDT,OP,USDT
2058,OGBUSD,OG,BUSD
2059,KEYBUSD,KEY,BUSD
2060,ASRBUSD,ASR,BUSD
2061,FIROBUSD,FIRO,BUSD
2062,NKNBUSD,NKN,BUSD
2063,OPBNB,OP,BNB
2064,OPEUR,OP,EUR
2065,GTOBUSD,GTO,BUSD
2066,SNXETH,SNX,ETH
2067,WBTCBUSD,WBTC,BUSD
2068,BELETH,BEL,ETH
2069,LITETH,LIT,ETH
2070,LEVERUSDT,LEVER,USDT
2071,LEVERBUSD,LEVER,BUSD
2072,BURGERETH,BURGER,ETH
2073,PEOPLEETH,PEOPLE,ETH
2074,UNFIETH,UNFI,ETH
2075,BONDETH,BOND,ETH
2076,STORJTRY,STORJ,TRY
2077,OPETH,OP,ETH
2078,ETCTRY,ETC,TRY
2079,WINGETH,WING,ETH
2080,FILETH,FIL,ETH
2081,GLMBUSD,GLM,BUSD
2082,SSVBUSD,SSV,BUSD
2083,STGBTC,STG,BTC
2084,STGBUSD,STG,BUSD
2085,STGUSDT,STG,USDT
2086,ANKRTRY,ANKR,TRY
2087,ARKBUSD,ARK,BUSD
2088,BETHBUSD,BETH,BUSD
2089,LOOMBUSD,LOOM,BUSD
2090,SNMBUSD,SNM,BUSD
2091,AMBBUSD,AMB,BUSD
2092,LUNCUSDT,LUNC,USDT
2093,PHBBUSD,PHB,BUSD
2094,GASBUSD,GAS,BUSD
2095,NEBLBUSD,NEBL,BUSD
2096,PROSBUSD,PROS,BUSD
2097,VIBBUSD,VIB,BUSD
2098,GMXBTC,GMX,BTC
2099,GMXBUSD,GMX,BUSD
2100,GMXUSDT,GMX,USDT
2101,AGIXBUSD,AGIX,BUSD
2102,NEBLUSDT,NEBL,USDT
2103,SNTBUSD,SNT,BUSD
2104,POLYXBTC,POLYX,BTC
2105,POLYXBUSD,POLYX,BUSD
2106,POLYXUSDT,POLYX,USDT
2107,APTBTC,APT,BTC
2108,APTUSDT,APT,USDT
2109,APTBUSD,APT,BUSD
2110,BTCPLN,BTC,PLN
2111,ETHPLN,ETH,PLN
2112,BUSDPLN,BUSD,PLN
2113,APTEUR,APT,EUR
2114,APTTRY,APT,TRY
2115,APTBRL,APT,BRL
2116,QKCBUSD,QKC,BUSD
2117,OSMOBTC,OSMO,BTC
2118,OSMOUSDT,OSMO,USDT
2119,OSMOBUSD,OSMO,BUSD
2120,HFTBTC,HFT,BTC
2121,HFTBUSD,HFT,BUSD
2122,HFTUSDT,HFT,USDT
2123,ARPAETH,ARPA,ETH
2124,PHBUSDT,PHB,USDT
2125,VITEBUSD,VITE,BUSD
2126,HOOKBTC,HOOK,BTC
2127,HOOKUSDT,HOOK,USDT
2128,HOOKBUSD,HOOK,BUSD
2129,HOOKBNB,HOOK,BNB
2130,MAGICBTC,MAGIC,BTC
2131,MAGICBUSD,MAGIC,BUSD
2132,MAGICUSDT,MAGIC,USDT
2133,BUSDRON,BUSD,RON
2134,HIFIETH,HIFI,ETH
2135,HIFIUSDT,HIFI,USDT
2136,RPLBTC,RPL,BTC
2137,RPLBUSD,RPL,BUSD
2138,RPLUSDT,RPL,USDT
2139,PROSUSDT,PROS,USDT
2140,FETTRY,FET,TRY
2141,GFTBUSD,GFT,BUSD
2142,AGIXUSDT,AGIX,USDT
2143,APTETH,APT,ETH
2144,BTCRON,BTC,RON
2145,GNSUSDT,GNS,USDT
2146,GNSBTC,GNS,BTC
2147,SYNBTC,SYN,BTC
2148,SYNUSDT,SYN,USDT
2149,VIBUSDT,VIB,USDT
2150,SSVUSDT,SSV,USDT
2151,LQTYUSDT,LQTY,USDT
2152,LQTYBTC,LQTY,BTC
2153,AMBUSDT,AMB,USDT
2154,BETHUSDT,BETH,USDT
2155,CFXTRY,CFX,TRY
2156,STXTRY,STX,TRY
2157,USTCUSDT,USTC,USDT
2158,GASUSDT,GAS,USDT
2159,GLMUSDT,GLM,USDT
2160,PROMUSDT,PROM,USDT
2161,QKCUSDT,QKC,USDT
2162,UFTUSDT,UFT,USDT
2163,IDBTC,ID,BTC
2164,IDBNB,ID,BNB
2165,IDUSDT,ID,USDT
2166,ARBBTC,ARB,BTC
2167,ARBUSDT,ARB,USDT
2168,AGIXTRY,AGIX,TRY
2169,LOOMUSDT,LOOM,USDT
2170,OAXUSDT,OAX,USDT
2171,ARBTUSD,ARB,TUSD
2172,ARBTRY,ARB,TRY
2173,ARBEUR,ARB,EUR
2174,IDTUSD,ID,TUSD
2175,IDTRY,ID,TRY
2176,IDEUR,ID,EUR
2177,LDOTUSD,LDO,TUSD
2178,MATICTUSD,MATIC,TUSD
2179,OPTUSD,OP,TUSD
2180,SOLTUSD,SOL,TUSD
2181,SSVTUSD,SSV,TUSD
2182,RDNTBTC,RDNT,BTC
2183,RDNTUSDT,RDNT,USDT
2184,RDNTTUSD,RDNT,TUSD
2185,ARBRUB,ARB,RUB
2186,JOETRY,JOE,TRY
2187,MAGICTRY,MAGIC,TRY
2188,USDTPLN,USDT,PLN
2189,ACHTRY,ACH,TRY
2190,XVSTRY,XVS,TRY
2191,EGLDRON,EGLD,RON
2192,USDTRON,USDT,RON
2193,USDTARS,USDT,ARS
2194,DOGETUSD,DOGE,TUSD
2195,WBTCUSDT,WBTC,USDT
2196,EDUUSDT,EDU,USDT
2197,EDUTUSD,EDU,TUSD
2198,EDUBNB,EDU,BNB
2199,EDUBTC,EDU,BTC
2200,EDUEUR,EDU,EUR
2201,EDUTRY,EDU,TRY
2202,SUIUSDT,SUI,USDT
2203,SUITUSD,SUI,TUSD
2204,SUIBTC,SUI,BTC
2205,SUIBNB,SUI,BNB
2206,SUIEUR,SUI,EUR
2207,SUITRY,SUI,TRY
2208,AERGOUSDT,AERGO,USDT
2209,RNDRTRY,RNDR,TRY
2210,PEPEUSDT,PEPE,USDT
2211,PEPETUSD,PEPE,TUSD
2212,FLOKIUSDT,FLOKI,USDT
2213,FLOKITUSD,FLOKI,TUSD
2214,OGTRY,OG,TRY
2215,PEPETRY,PEPE,TRY
2216,WBETHETH,WBETH,ETH
2217,ASTUSDT,AST,USDT
2218,SNTUSDT,SNT,USDT
2219,FLOKITRY,FLOKI,TRY
2220,CITYTRY,CITY,TRY
2221,COMBOUSDT,COMBO,USDT
2222,COMBOBNB,COMBO,BNB
2223,COMBOTRY,COMBO,TRY
2224,LTCTRY,LTC,TRY
2225,RADTRY,RAD,TRY
2226,BTCARS,BTC,ARS
2227,OPTRY,OP,TRY
2228,PAXGTRY,PAXG,TRY
2229,MAVBTC,MAV,BTC
2230,MAVUSDT,MAV,USDT
2231,MAVTUSD,MAV,TUSD
2232,CFXTUSD,CFX,TUSD
2233,PENDLEBTC,PENDLE,BTC
2234,PENDLEUSDT,PENDLE,USDT
2235,PENDLETUSD,PENDLE,TUSD
2236,MAVTRY,MAV,TRY
2237,OCEANTRY,OCEAN,TRY
2238,TUSDTRY,TUSD,TRY
2239,ARBETH,ARB,ETH
2240,BCHTRY,BCH,TRY
2241,XVGTRY,XVG,TRY
2242,XVGTUSD,XVG,TUSD
2243,ARKMUSDT,ARKM,USDT
2244,ARKMTUSD,ARKM,TUSD
2245,ARKMTRY,ARKM,TRY
2246,ARKMBNB,ARKM,BNB
2247,ARKMBTC,ARKM,BTC
2248,WBETHUSDT,WBETH,USDT
2249,ACATRY,ACA,TRY
2250,AVAXTUSD,AVAX,TUSD
2251,COMPTUSD,COMP,TUSD
2252,COMPTRY,COMP,TRY
2253,XECTRY,XEC,TRY
2254,QUICKTUSD,QUICK,TUSD
2255,WLDUSDT,WLD,USDT
2256,WLDBTC,WLD,BTC
2257,BNBFDUSD,BNB,FDUSD
2258,FDUSDBUSD,FDUSD,BUSD
2259,FDUSDUSDT,FDUSD,USDT
2260,ARKMRUB,ARKM,RUB
2261,WLDTRY,WLD,TRY
2262,WLDRUB,WLD,RUB
2263,AMPTRY,AMP,TRY
2264,OGNTRY,OGN,TRY
2265,BTCFDUSD,BTC,FDUSD
2266,ETHFDUSD,ETH,FDUSD
2267,ASRTRY,ASR,TRY
2268,ATMTRY,ATM,TRY
2269,ACMTRY,ACM,TRY
2270,BARTRY,BAR,TRY
2271,JUVTRY,JUV,TRY
2272,PSGTRY,PSG,TRY
2273,SEIBNB,SEI,BNB
2274,SEIBTC,SEI,BTC
2275,SEIFDUSD,SEI,FDUSD
2276,SEITRY,SEI,TRY
2277,SEIUSDT,SEI,USDT
2278,CYBERBNB,CYBER,BNB
2279,CYBERBTC,CYBER,BTC
2280,CYBERFDUSD,CYBER,FDUSD
2281,CYBERTRY,CYBER,TRY
2282,CYBERUSDT,CYBER,USDT
2283,CYBERTUSD,CYBER,TUSD
2284,SEITUSD,SEI,TUSD
2285,LPTTRY,LPT,TRY
2286,UNITRY,UNI,TRY
2287,SOLFDUSD,SOL,FDUSD
2288,TOMOTRY,TOMO,TRY
2289,UNFITRY,UNFI,TRY
2290,XRPFDUSD,XRP,FDUSD
2291,DOGEFDUSD,DOGE,FDUSD
2292,CYBERETH,CYBER,ETH
2293,MTLTRY,MTL,TRY
2294,ARKUSDT,ARK,USDT
2295,CREAMUSDT,CREAM,USDT
2296,GFTUSDT,GFT,USDT
2297,IQUSDT,IQ,USDT
2298,USDTVAI,USDT,VAI
2299,ARBFDUSD,ARB,FDUSD
2300,FDUSDTRY,FDUSD,TRY
2301,FRONTTRY,FRONT,TRY
2302,SUIFDUSD,SUI,FDUSD
2303,NTRNBTC,NTRN,BTC
2304,NTRNUSDT,NTRN,USDT
2305,NTRNBNB,NTRN,BNB
2306,FILFDUSD,FIL,FDUSD
2307,FRONTTUSD,FRONT,TUSD
2308,LEVERTRY,LEVER,TRY
2309,LTCFDUSD,LTC,FDUSD
2310,ADAFDUSD,ADA,FDUSD
2311,RUNETUSD,RUNE,TUSD
2312,TRBTRY,TRB,TRY
2313,ATOMFDUSD,ATOM,FDUSD
2314,AVAXFDUSD,AVAX,FDUSD
2315,BANDTRY,BAND,TRY
2316,BCHFDUSD,BCH,FDUSD
2317,LOOMTRY,LOOM,TRY
2318,MATICFDUSD,MATIC,FDUSD
2319,ALGOFDUSD,ALGO,FDUSD
2320,DOTFDUSD,DOT,FDUSD
2321,FTMFDUSD,FTM,FDUSD
2322,LINKFDUSD,LINK,FDUSD
2323,NEARFDUSD,NEAR,FDUSD
2324,STRAXTRY,STRAX,TRY
2325,TIABTC,TIA,BTC
2326,TIAUSDT,TIA,USDT
2327,TIATRY,TIA,TRY
2328,MEMEBNB,MEME,BNB
2329,MEMEUSDT,MEME,USDT
2330,MEMEFDUSD,MEME,FDUSD
2331,MEMETUSD,MEME,TUSD
2332,MEMETRY,MEME,TRY
